phrase,concordance_score,frequency,uniqueness,wiki_score,label
unlabeled data,1.0,-0.9911264481143702,0.9934990248537281,0.8999999999999999,True
congruential generator,1.0,-0.9995070248952428,0.7469120368055209,0.8,True
human-robot interaction,0.714127861089187,-0.9778161202859256,0.8126218932839926,0.8,True
role-based access,0.4542440984429936,-0.997535124476214,0.9838475771365705,0.8999999999999999,True
socket layer,1.0,-0.9990140497904856,0.5975396309446417,0.7,True
dimensionality reduction,0.599779005524862,-0.950702489524279,0.8625293794069111,0.5,True
data-flow analysis,0.4997237569060773,-0.9990140497904856,0.9687453117967695,0.5,False
botnet detection,0.3329650092081029,-0.9970421493714567,0.797069560434065,0.8,True
floating point,0.4997237569060773,-0.9990140497904856,0.6290943641546234,0.7,True
semistructured data,1.0,-0.9955632240571851,0.9934990248537281,-0.19999999999999996,True
machine learning,-0.3865924218036282,-0.755484348040424,0.9089363404510675,1.0,True
reinforcement learning,0.599779005524862,-0.8876016761153562,0.12171825773866085,0.8,True
case-based reasoning,0.599779005524862,-0.9354202612768056,0.5538330749612443,0.3999999999999999,False
multiagent systems,0.07641308967275817,-0.9625338920384521,0.9843976596489472,0.5,True
user-centered design,0.14238358326756106,-0.9886615725905842,0.9877981697254588,0.3999999999999999,True
interprocedural analysis,-0.4293606945540648,-0.9985210746857284,0.9687453117967695,1.0,False
operating systems,-0.3007182320441989,-0.9857037219620409,0.9209381407211081,0.8999999999999999,True
unsupervised learning,-0.33406998158379375,-0.9728863692383535,0.966544981747262,0.8,True
triangular mesh,-0.0005524861878453136,-0.9995070248952428,0.8379756963544533,0.6000000000000001,True
signal processing,-0.27730104619724916,-0.9511954646290363,0.8066209931489723,0.8,True
multi-agent systems,-0.7456447631362407,-0.8634458959822529,0.9843976596489472,1.0,True
artificial intelligence,-0.383116672083198,-0.837811190534878,0.5777866680002,1.0,True
triangular meshes,-0.6675874769797423,-0.9955632240571851,1.0,1.0,True
access control,-0.2982078853046596,-0.9383781119053488,0.9672450867630145,0.6000000000000001,True
biometric systems,-0.38538036549086274,-0.9921123983238846,0.9843976596489472,0.7,True
software development,-0.7598369969828769,-0.950702489524279,0.981347202080312,1.0,True
satisfiability problems,-0.33406998158379375,-0.9985210746857284,0.9676951542731409,0.6000000000000001,True
receptive fields,1.0,-0.997535124476214,0.9003350502575387,-0.7,False
discrete-event simulation,-0.0005524861878453136,-0.9950702489524279,0.7841676251437715,0.3999999999999999,False
pseudo-random number,-0.33406998158379375,-1.0,0.9928989348402262,0.5,True
minimization problem,-0.4293606945540648,-1.0,0.9723958593789068,0.6000000000000001,True
security requirements,-0.8270958443430219,-0.9926053734286419,0.9438915837375605,1.0,False
side-channel attacks,-0.0005524861878453136,-0.9955632240571851,0.8174726208931338,0.30000000000000004,False
supervised learning,-0.0005524861878453136,-0.990633473009613,0.2931939790968645,0.8,True
discrete-event systems,-0.0005524861878453136,-0.9842247966477693,0.9843976596489472,0.10000000000000009,False
inclusive design,0.599779005524862,-0.9955632240571851,0.6903535530329548,-0.19999999999999996,False
exploiting parallelism,-0.9241393965150871,-0.9970421493714567,1.0,1.0,False
tacit knowledge,1.0,-0.9921123983238846,0.9551932789918489,-0.9,False
source code,-0.6215850638216804,-0.9861966970667981,0.9657948692303846,0.7,True
face recognition,-0.5341804788213629,-0.7890066551639142,0.7801170175526329,0.6000000000000001,True
fine-grain parallelism,-0.7509668508287293,-0.9995070248952428,1.0,0.8,False
granular computing,-0.3691770863623147,-0.9768301700764112,0.8890333550032505,0.5,False
knowledge-based systems,-0.6675874769797423,-0.9738723194478679,0.9843976596489472,0.7,False
deep learning,-0.8899324739103744,-0.7609070741927533,0.8894334150122518,0.8,True
elliptic curve,1.0,-0.9916194232191274,0.7143071460719108,-0.7,False
automata theory,-0.5008287292817679,-0.9955632240571851,0.9175876381457218,0.6000000000000001,False
training data,-0.6721562097933853,-0.9901404979048558,0.9717957693654049,0.7,True
software security,-0.9798166216057365,-0.9965491742666995,0.9775466319947992,1.0,True
network classifiers,-0.997525178149616,-1.0,0.9845476821523229,1.0,True
logarithm problem,-0.0005524861878453136,-0.9995070248952428,0.9723958593789068,0.0,False
software requirements,-0.9869127385290545,-0.9926053734286419,0.9512426864029604,1.0,True
requirements engineering,-0.6736514314414868,-0.966970667981267,0.9122868430264541,0.7,False
source software,-0.9091001460595669,-0.9955632240571851,0.9715457318597791,0.8999999999999999,False
expert systems,-0.6106454655706779,-0.9023909292580725,0.8766815022253338,0.6000000000000001,False
language model,-0.9894706411409482,-0.9995070248952428,0.9481922288343252,1.0,True
optimization problem,-0.7041668151844591,-0.9945772738476707,0.7556133420013003,0.8999999999999999,True
image processing,-0.8468615870810127,-0.9053487798866158,0.9069860479071861,0.8,True
public key,-0.7152328334648776,-0.9965491742666995,0.9635445316797522,0.7,True
biometric technologies,-0.6932426689332767,-1.0,0.9296394459168875,0.7,False
stopping rules,1.0,-0.997535124476214,0.5278791818772814,-0.6,False
object-oriented software,-0.8747193951730154,-0.990633473009613,0.9924488673300995,0.8,False
text summarization,-0.959415285451197,-0.9985210746857284,0.9825973896084415,0.8999999999999999,True
secret key,-0.4201390126537159,-0.9980280995809712,0.8416262439365905,0.5,False
user requirements,-0.9381563060261242,-0.9921123983238846,0.9495924388658299,0.8999999999999999,True
polygonal meshes,-0.700939226519337,-0.9955632240571851,1.0,0.6000000000000001,False
security model,-0.9624362772573197,-0.9980280995809712,0.9613442016302445,0.8999999999999999,False
integer programming,-0.5917880462079357,-0.9610549667241804,0.6532479871980796,0.8,False
polynomial time,-0.17306153553057724,-0.9802809958097116,0.24933740061009146,0.8,True
recursively enumerable,-0.7152328334648776,-0.9930983485333991,1.0,0.6000000000000001,False
software engineering,-0.8307981662160574,-0.9260537342864186,0.9459418912836925,0.7,True
visual programming,-0.9536854232672619,-0.9980280995809712,0.8352752912936943,1.0,False
enterprise applications,-0.9115032571946895,-0.9970421493714567,0.8867830174526179,0.8999999999999999,True
injection attacks,-0.15853445769118935,-0.9950702489524279,0.5279291893784068,0.5,False
secured connections,-0.5008287292817679,-0.9990140497904856,0.5685352802920438,0.8,False
reconfigurable computing,-0.8343462246777165,-0.9891545476953414,0.8890333550032505,0.8,True
support vector,-0.9195784735011254,-0.9911264481143702,0.7742161324198629,1.0,False
computer graphics,-0.8553049743883907,-0.9926053734286419,0.9089863479521929,0.8,True
autonomic computing,-0.33406998158379375,-0.9950702489524279,0.8890333550032505,0.30000000000000004,False
ad-hoc networks,-0.0005524861878453136,-0.9773231451811684,0.9334400160024006,-0.09999999999999998,False
application development,-0.9126583437624004,-0.9955632240571851,0.9634945241786268,0.8,True
software testing,-0.9821819939135091,-0.9837318215430121,0.9199379906986049,0.8999999999999999,True
simulated annealing,-0.4725112060877724,-0.9226029085531181,0.44581687253087954,0.8,False
software package,-0.9963742277601453,-0.9995070248952428,0.9409911486723008,0.8999999999999999,True
mandatory access,-0.33406998158379375,-0.9990140497904856,0.6718507776166425,0.5,False
combinatorial optimization,-0.5842081031307551,-0.9664776928765098,0.7832174826223934,0.6000000000000001,True
finite state,-0.5842081031307551,-0.9990140497904856,0.612991948792319,0.8,True
range images,-0.5180796342160412,-0.988168597485827,0.9354903235485323,0.3999999999999999,False
user interfaces,-0.9182777798104717,-0.9778161202859256,0.72435865379807,1.0,True
instant messaging,0.3329650092081029,-0.9945772738476707,0.5843876581487222,-0.09999999999999998,True
optimization problems,-0.8849117804312957,-0.9477446388957358,0.7509126368955343,0.8999999999999999,True
geographic information,-0.1434885556432518,-0.9871826472763126,0.7456118417762663,0.19999999999999996,False
functional programming,-0.9247269199949391,-0.9842247966477693,0.8203230484572686,0.8999999999999999,True
training samples,-0.836630591084538,-0.9965491742666995,0.8440266039905986,0.8,True
high-dimensional data,-0.7152328334648776,-0.9709144688193246,0.9934990248537281,0.5,True
parallel computing,-0.9360871212876718,-0.9645057924574809,0.6920538080712106,1.0,True
software tools,-0.9916434831445998,-0.9921123983238846,0.972445866880032,0.8,False
embedded systems,-0.573387879043482,-0.9556322405718511,0.7166074911236686,0.6000000000000001,True
mobile games,-0.9810939226519337,-0.9950702489524279,0.9632944941741262,0.8,True
search space,-0.8813205198039064,-0.9990140497904856,0.9659448917337599,0.7,False
search algorithm,-0.9095050968796202,-0.9955632240571851,0.7855678351752764,0.8999999999999999,True
logic programming,-0.5370806309552407,-0.9462657135814642,0.7581137170575587,0.5,True
stereo vision,-0.841926167754897,-0.9861966970667981,0.7007051057658651,0.8999999999999999,True
performance analysis,-0.9346476116694868,-0.43406457973872314,0.9409411411711757,0.19999999999999996,True
ubiquitous computing,0.11779243153329766,-0.969435543505053,-0.08121218182727408,0.7,True
generative model,-0.7152328334648776,-0.9980280995809712,0.9762464369655446,0.5,True
wearable computing,-0.6372677046710196,-0.9911264481143702,0.8890333550032505,0.5,False
learning algorithm,-0.9065072827724762,-0.9886615725905842,0.7541131169675452,0.8999999999999999,True
computer vision,-0.8990449737845807,-0.938871087010106,0.8901835275291294,0.7,True
number generator,-0.7904623437045653,-0.997535124476214,0.739810971645747,0.8,True
key infrastructure,-0.988903112788034,-0.9995070248952428,0.8347252087813173,0.8999999999999999,False
combinatorial problems,-0.8343462246777165,-0.9921123983238846,0.9676951542731409,0.6000000000000001,False
hardware/software co-design,-0.6675874769797423,-0.9950702489524279,1.0,0.3999999999999999,False
hardware/software codesign,-0.6675874769797423,-0.997535124476214,1.0,0.3999999999999999,False
grid computing,-0.8086910327241819,-0.9635198422479665,0.7007551132669902,0.8,False
speech recognition,-0.6008839779005526,-0.9733793443431107,0.7009051357703655,0.6000000000000001,True
computing systems,-0.7619290792630582,-0.9857037219620409,0.873431014652198,0.6000000000000001,True
data structures,-0.9347354082105395,-0.9822528962287405,0.8421263189478423,0.8,True
shared memory,-0.6372677046710196,-0.9876756223810698,0.8441766264939738,0.5,True
global optimization,-0.93757783039551,-0.884643825486813,0.740411061659249,0.8,True
information security,-0.9128590981075019,-0.9536603401528223,0.9826974046106915,0.6000000000000001,True
file systems,-0.7618424213307711,-0.9940842987429135,0.9703955593339002,0.5,True
internet security,-0.9647212456052235,-0.9955632240571851,0.9727459118867829,0.7,True
user experience,-0.8752076396765578,-0.9753512447621395,0.9625443816572485,0.6000000000000001,True
software quality,-0.9798166216057365,-0.9861966970667981,0.9728959343901586,0.7,True
least squares,-0.6898219766728054,-0.9359132363815628,0.4211131669750463,0.8999999999999999,True
software support,-0.9940088554523726,-0.9990140497904856,0.9850977646646999,0.7,False
algorithmic aspects,-0.87603591160221,-0.9921123983238846,0.860129019352903,0.7,False
markup languages,0.1995580110497237,-1.0,0.29034355153272995,0.19999999999999996,True
web access,-0.9952708470917965,-0.9995070248952428,0.9802470370555583,0.7,True
deductive databases,-0.7509668508287293,-0.9896475228000986,0.8257238585787867,0.6000000000000001,False
database systems,-0.7921542523685904,-0.9689425684002958,0.9460419062859429,0.5,True
micropayment systems,-0.0005524861878453136,-0.9995070248952428,0.9843976596489472,-0.30000000000000004,True
fitness function,-0.20066298342541433,-0.9995070248952428,0.8839825973896083,0.0,True
dynamic programming,-0.964471471737234,-0.9349272861720483,0.7817172575886384,0.8,True
vector machines,-0.921060773480663,-0.9743652945526251,0.6745011751762764,0.8999999999999999,True
agent-based systems,-0.9177255985267035,-0.9945772738476707,0.9843976596489472,0.6000000000000001,False
feature extraction,-0.6271611139014455,-0.9157012570865172,0.506976046406961,0.7,True
recognition techniques,-0.9668980497709779,-0.9990140497904856,0.7281092163824572,0.8999999999999999,False
web services,-0.6627257059098304,-0.8693615972393394,0.9918987848177228,0.19999999999999996,True
handheld devices,-0.1898461997909512,-0.9901404979048558,0.6384457668650299,0.19999999999999996,True
image annotation,-0.9889278630103213,-0.9886615725905842,0.8274241136170424,0.8,True
algorithmic techniques,-0.7509668508287293,-0.9995070248952428,0.8993849077361604,0.5,False
physical security,-0.9772822941331228,-0.9955632240571851,0.9216882532379858,0.7,True
cryptographic protocols,-0.861492997558782,-0.990633473009613,0.6985547832174825,0.8,True
medical image,-0.8232289748311847,-0.9921123983238846,0.956243436515477,0.5,False
concurrent programs,-0.8135013812154697,-0.9876756223810698,0.4411661749262388,1.0,True
optimization techniques,-0.859091071110319,-0.9847177717525265,0.6826023903585539,0.8,True
distributed computing,-0.9261972996129643,-0.9837318215430121,0.7481122168325247,0.8,True
wavelet denoising,-0.9682999728285482,-0.9965491742666995,1.0,0.6000000000000001,False
user behavior,-0.9480955691339504,-0.9871826472763126,0.8669300395059261,0.7,True
machine intelligence,-0.8908078479140383,-0.9970421493714567,0.8161224183627545,0.7,True
computer science,-0.6912799766526785,-0.9438008380576781,0.9624943741561234,0.30000000000000004,True
game interface,-0.9892990433351261,-1.0,0.9158373756063409,0.7,False
end user,-0.7509668508287293,-0.9995070248952428,0.9749962494374158,0.3999999999999999,True
virtual machine,-0.9436569827381109,-0.9926053734286419,0.8607791168675301,0.7,True
privacy protection,-0.6500339245904818,-0.9733793443431107,0.9456418462769416,0.30000000000000004,True
software systems,-0.8710094954481931,-0.9857037219620409,0.9768465269790472,0.5,True
intelligent agents,-0.8909524050889553,-0.9704214937145674,0.6785017752662899,0.8,False
admission control,-0.0005524861878453136,-0.9526743899433079,0.7698154723208481,-0.19999999999999996,False
mobile applications,-0.966800315706393,-0.950702489524279,0.9330899634945242,0.6000000000000001,True
secure data,-0.9235427641440747,-0.990633473009613,0.9285392808921338,0.6000000000000001,False
pattern recognition,-0.4250292985099615,-0.8752772984964259,0.7109066359953993,0.19999999999999996,True
game development,-0.965687185253997,-0.9995070248952428,0.9736960544081612,0.6000000000000001,True
key exchange,-0.9217928850559224,-0.9891545476953414,0.9191378706806022,0.6000000000000001,False
parallel programs,-0.8927418872289926,-0.9783090953906828,0.7758663799569936,0.7,True
virtual environment,-0.881421660630733,-0.9930983485333991,0.8791318697804671,0.6000000000000001,True
log files,-0.737801686536784,-0.9985210746857284,0.9332899934990249,0.3999999999999999,True
suffix trees,-0.33406998158379375,-0.9990140497904856,0.025803870580586974,0.8999999999999999,False
cellular automata,-0.7218810227418733,-0.9028839043628297,0.8150722608391261,0.3999999999999999,True
assistive technology,-0.0005524861878453136,-0.9955632240571851,0.9857978696804521,-0.4,True
static code,-0.9633482747836964,-1.0,0.8511776766514978,0.7,False
private key,-0.965370955011839,-0.9995070248952428,0.9517927689153374,0.6000000000000001,True
image classifiers,-0.9970459359205674,-0.9995070248952428,0.9812471870780617,0.6000000000000001,True
optimization technique,-0.9107324897522724,-0.9985210746857284,0.5909886482972446,0.8999999999999999,True
language processing,-0.8265900038545548,-0.9970421493714567,0.8976846526979045,0.5,True
conversational agents,-0.45534907081868414,-0.9916194232191274,0.9168375256288446,0.10000000000000009,False
register allocation,-0.6372677046710196,-0.9985210746857284,0.7024053608041207,0.5,False
web document,-0.9894367218079023,-1.0,0.9559933990098515,0.6000000000000001,False
microarray data,-0.25069060773480656,-0.9768301700764112,0.9934990248537281,-0.19999999999999996,False
key management,-0.9095910254682658,-0.9871826472763126,0.9613942091313696,0.5,True
encrypted data,-0.7342909760589318,-0.9792950456001972,0.3773566034905236,0.8999999999999999,True
security protocols,-0.9398795384382701,-0.9802809958097116,0.6836525478821822,0.8,True
dynamic program,-0.9919465972160765,-0.9990140497904856,0.8538280742111317,0.7,False
block ciphers,-0.965370955011839,-0.9901404979048558,0.9169375406310947,0.6000000000000001,True
reachability analysis,-0.7152328334648776,-0.9935913236381563,0.9687453117967695,0.30000000000000004,False
security controls,-0.9946601898559622,-0.9990140497904856,0.8518777816672503,0.7,True
complexity theory,-0.9659978675971698,-0.9950702489524279,0.6187428114217133,0.8999999999999999,False
web usage,-0.9894367218079023,-1.0,0.8448767315097265,0.7,False
computational cost,-0.799988894749993,-0.9995070248952428,0.5521328199229885,0.8,True
cryptographic schemes,-0.9545676474367211,-1.0,0.7047057058558783,0.8,False
hidden layers,-0.7702082447938802,-0.9995070248952428,0.5189278391758763,0.8,True
software developers,-0.9869127385290545,-0.9980280995809712,0.8333750062509377,0.7,True
context-aware security,-0.8410165745856354,-1.0,0.9850977646646999,0.3999999999999999,False
data mining,-0.9071857778023634,-0.8358392901158491,0.7854678201730261,0.5,True
optimization algorithms,-0.9623739083942257,-0.9783090953906828,0.4769215382307346,1.0,True
user interactions,-0.9878526215652556,-0.9980280995809712,0.7210081512226834,0.8,True
computer games,-0.8625949742877558,-0.97880207049544,0.9743961594239137,0.3999999999999999,True
memory access,-0.9341223791580943,-0.9995070248952428,0.9560934140121018,0.5,True
decentralized systems,-0.8676979742173112,-0.9980280995809712,0.9843976596489472,0.3999999999999999,True
mesh processing,-0.9470210542033747,-1.0,0.7637145571835775,0.7,False
parallel computers,-0.9722081496699044,-0.9837318215430121,0.7690653598039705,0.7,True
user data,-0.9779133584574293,-0.9985210746857284,0.9842976446466971,0.5,True
security architecture,-0.9849930160763695,-0.9950702489524279,0.8866830024503674,0.6000000000000001,True
distributed memory,-0.9315478476674447,-0.9945772738476707,0.8313246987048057,0.6000000000000001,True
multimedia applications,-0.7688338595106551,-0.9753512447621395,0.849177376606491,0.3999999999999999,True
automatic parallelization,-0.9589764466414655,-0.9970421493714567,0.8607791168675301,0.6000000000000001,False
knowledge representation,-0.8856566085847853,-0.9719004190288391,0.7614642196329451,0.6000000000000001,True
network topologies,-0.9867857954713923,-0.997535124476214,0.9845476821523229,0.5,True
spatiotemporal data,-0.5008287292817679,-0.9930983485333991,0.9934990248537281,0.0,True
practical algorithms,-0.9642748195098804,-0.9955632240571851,0.5569835475321296,0.8999999999999999,False
parallel algorithms,-0.9433113269641183,-0.9580971160956372,0.49672450867630147,0.8999999999999999,True
information privacy,-0.9985095054854498,-0.9965491742666995,0.9888983347502127,0.5,True
network computing,-0.9832060012453177,-0.997535124476214,0.8735810371555734,0.6000000000000001,False
wide web,-0.9602660953884317,-0.9985210746857284,0.9505925888883333,0.5,False
constraint programming,-0.9545676474367211,-0.9748582696573823,0.4195629344401661,1.0,True
context-aware applications,-0.6809281767955802,-0.9911264481143702,0.9597439615942391,0.19999999999999996,False
images using,-0.8665769070058963,-1.0,0.953793068960344,0.3999999999999999,False
computer interaction,-0.9136249735833106,-0.9995070248952428,0.797069560434065,0.6000000000000001,False
image data,-0.9077471339078592,-0.9832388464382549,0.9747462119317898,0.3999999999999999,False
computer systems,-0.8990449737845807,-0.9871826472763126,0.96884532679902,0.3999999999999999,True
theorem proving,0.24958563535911593,-0.9921123983238846,0.024203630544581856,0.19999999999999996,True
user profiles,-0.9911657092678643,-0.9945772738476707,0.858078711806771,0.6000000000000001,True
maturity model,-0.20066298342541433,-0.9960561991619423,0.4609191378706805,0.19999999999999996,False
embedded devices,-0.9858293618995403,-0.9970421493714567,0.6457468620293043,0.8,True
virtual environments,-0.8479103333421449,-0.960069016514666,0.6691503725558834,0.6000000000000001,True
optimization methods,-0.9881946177152022,-0.9926053734286419,0.7377106565984899,0.7,False
reverse engineering,-0.6225175451694789,-0.9842247966477693,0.7627644146621992,0.30000000000000004,True
machine translation,-0.9853482403097403,-0.9758442198668967,0.8116217432614892,0.6000000000000001,True
mobile computers,-0.9925288082083662,-0.9965491742666995,0.9393909086362955,0.5,False
component analysis,-0.737801686536784,-0.9807739709144688,0.8667800170025504,0.30000000000000004,False
case study,0.12232238053697775,-0.8353463150110919,0.9603440516077413,-0.8,True
write operations,-0.863097732901505,-1.0,0.904285642846427,0.3999999999999999,False
computational resources,-0.9206585413254116,-0.9990140497904856,0.5602340351052659,0.8,True
vehicular networks,-0.0005524861878453136,-0.8935173773724427,0.9334400160024006,-0.6,False
version 2.0,-0.6479688007799804,-0.9990140497904856,0.985447817172576,0.10000000000000009,False
ambient intelligence,-0.22648369274639102,-0.9659847177717525,0.42986447967195085,0.19999999999999996,True
local minima,-0.9538347761778396,-0.997535124476214,0.98819822973446,0.3999999999999999,True
external memory,-0.8581689029202841,-0.9965491742666995,0.8901835275291294,0.3999999999999999,False
mobile computing,-0.9582241515390687,-0.969435543505053,0.8623793569035356,0.5,False
scientific computing,-0.8816360188010225,-0.9802809958097116,0.7926188928339251,0.5,True
agent software,-0.9900491437990293,-1.0,0.9204380657098568,0.5,False
congestion control,0.1995580110497237,-0.9684495932955386,0.39695954393158983,-0.19999999999999996,False
networks using,-0.8957836580401279,-1.0,0.92153823073461,0.3999999999999999,False
cross site,-0.9177255985267035,-1.0,0.9433415012251838,0.3999999999999999,False
approximation algorithm,-0.7787599754450583,-0.9911264481143702,0.18977846677001553,1.0,False
key agreement,-0.9278938148497508,-0.9891545476953414,0.9362404360654097,0.3999999999999999,False
scheduling problems,-0.9354949732814056,-0.9792950456001972,0.6325448817322599,0.7,False
optimization algorithm,-0.8849117804312957,-0.9699285186098102,0.5707856178426765,0.7,True
computational time,-0.9608817568505511,-0.9990140497904856,0.5740861129169375,0.8,False
number generators,-0.7904623437045653,-0.9995070248952428,0.5027254088113218,0.7,True
equality constraints,-0.5564149785144261,-0.9930983485333991,0.36145421813272005,0.6000000000000001,False
multi-core systems,-0.7787599754450583,-0.9940842987429135,0.9843976596489472,0.19999999999999996,False
formal methods,-0.9085683262542714,-0.9684495932955386,0.7841176176426463,0.5,True
background subtraction,-0.9283375188347565,-0.9861966970667981,0.920888133219983,0.3999999999999999,False
signal analysis,-0.9585282708357823,-0.9935913236381563,0.8496274441166176,0.5,True
image classification,-0.9889278630103213,-0.9142223317722455,0.7966695004250637,0.5,True
feature vectors,-0.8798258831408002,-0.9980280995809712,0.36875531329699474,0.8999999999999999,True
game world,-0.9892990433351261,-1.0,0.9788968345251787,0.3999999999999999,False
translation system,-0.8833929151771206,-0.9995070248952428,0.8624793719057857,0.3999999999999999,False
peer-to-peer computing,-0.7152328334648776,-0.9990140497904856,0.8890333550032505,0.19999999999999996,False
input data,-0.7535455943498319,-0.9965491742666995,0.9216382457368606,0.19999999999999996,True
text processing,-0.9385704419889502,-0.9995070248952428,0.9083362504375656,0.3999999999999999,True
computational methods,-0.9809933646131208,-0.9797880207049544,0.5310296544481672,0.8,True
dictionary attack,-0.8191863385233551,-0.9990140497904856,0.7877181577236585,0.3999999999999999,True
sensor networks,-0.33406998158379375,-0.7880207049543998,0.6897034555183279,-0.19999999999999996,True
computational analysis,-0.9910491684944057,-0.9871826472763126,0.5452817922688404,0.8,True
information theory,-0.9829367041440047,-0.9659847177717525,0.9151872780917139,0.3999999999999999,True
runtime systems,-0.9647212456052235,-0.9995070248952428,0.5304295644346653,0.8,False
attribute values,-0.9640474728872519,-0.9960561991619423,0.7233084962744412,0.6000000000000001,False
approximation algorithms,-0.7787599754450583,-0.9561252156766084,0.09591438715807366,1.0,True
optimization models,-0.9881946177152022,-0.9901404979048558,0.7370105515827374,0.6000000000000001,False
knowledge bases,-0.9703187420314492,-0.9871826472763126,0.6110916637495625,0.7,False
runtime performance,-0.9647212456052235,-1.0,0.518227734160124,0.8,False
service attacks,-0.972312095075321,-0.9896475228000986,0.8126719007851178,0.5,False
step size,-0.8899324739103744,-0.9985210746857284,0.9367405110766616,0.30000000000000004,False
transaction processing,-0.8135013812154697,-0.9935913236381563,0.7536630494574184,0.3999999999999999,True
kernel methods,-0.9470210542033747,-0.9871826472763126,0.7792668900335051,0.5,False
tree structures,-0.9392151278692259,-0.9970421493714567,0.7802170325548834,0.5,True
software fault,-0.998739600067918,-1.0,0.7402110316547483,0.6000000000000001,False
association rules,0.07265867133809478,-0.9546462903623367,0.9228384257638644,-0.7,False
image analysis,-0.9605146078244595,-0.9487305891052502,0.9499924988748312,0.30000000000000004,True
particle swarm,-0.5246514075243358,-0.9871826472763126,0.645346802020303,0.19999999999999996,False
hash functions,-0.5463083877448519,-0.9960561991619423,0.4644196629494426,0.3999999999999999,True
software metrics,-0.9940088554523726,-0.990633473009613,0.4028604290643598,0.8999999999999999,False
private information,-0.5722967640094713,-0.9876756223810698,0.977796669500425,-0.09999999999999998,True
chosen plaintext,-0.9101456554495229,-0.9985210746857284,0.8240736110416562,0.3999999999999999,False
network model,-0.9581474416627956,-0.9886615725905842,0.9607941191178675,0.30000000000000004,False
object-oriented analysis,-0.9589764466414655,-0.9960561991619423,0.9687453117967695,0.30000000000000004,False
malicious code,-0.8957836580401279,-0.9955632240571851,0.3046957043556533,0.8999999999999999,True
model checking,-0.9593185576393073,-0.9423219127434065,0.8145721858278743,0.3999999999999999,True
network architecture,-0.9832060012453177,-0.9901404979048558,0.8861329199379906,0.3999999999999999,True
computational systems,-0.9508259529692662,-0.997535124476214,0.5609341401210182,0.7,False
evolutionary algorithms,-0.7702082447938802,-0.8876016761153562,0.1702755413311996,0.8,True
transitive closure,-0.33406998158379375,-0.9970421493714567,0.6415462319347902,0.0,False
active contours,-0.9680288571298115,-0.9753512447621395,0.9523428514277141,0.30000000000000004,False
input space,-0.9907899982912798,-0.9985210746857284,0.8960844126618994,0.3999999999999999,False
digital images,-0.9936381627772739,-0.9511954646290363,0.9474921238185727,0.30000000000000004,True
knowledge base,-0.7163323416914578,-0.9940842987429135,0.9058358753813072,0.10000000000000009,False
multimodal biometrics,-0.9101456554495229,-0.9955632240571851,1.0,0.19999999999999996,False
computational complexity,-0.7094866598184292,-0.9753512447621395,0.27769165374806226,0.7,True
signature schemes,-0.5722967640094713,-0.9960561991619423,0.5606340951142672,0.30000000000000004,False
privacy enhancing,-0.9659978675971698,-0.9995070248952428,0.5560834125118768,0.7,False
robot path,-0.9610828729281768,-1.0,0.6509976496474472,0.6000000000000001,False
data access,-0.9910869249545358,-0.9970421493714567,0.9773466019902985,0.30000000000000004,True
management support,-0.9939325531198637,-0.9995070248952428,0.9824473671050657,0.30000000000000004,False
computational models,-0.970937560731836,-0.9709144688193246,0.530329549432415,0.7,True
security breaches,-0.9978825811158264,-0.9990140497904856,0.9850977646646999,0.30000000000000004,True
sensitivity analysis,-0.1434885556432518,-0.9171801824007888,0.6458468770315549,-0.30000000000000004,False
object recognition,-0.8336818471968479,-0.9526743899433079,0.7712656898534782,0.30000000000000004,True
computational efficiency,-0.9307143452066965,-0.9960561991619423,0.4110116517477622,0.8,True
smart cards,-0.8105235464351487,-0.9704214937145674,0.8574286142921439,0.19999999999999996,True
parallel scheduling,-0.9938807666992441,-0.9980280995809712,0.46787018052707907,0.8,False
autonomous agents,-0.7787599754450583,-0.97880207049544,0.3240486072910935,0.7,False
missing data,-0.056138735420503405,-0.9605619916194232,0.8812321848277243,-0.6,False
data storage,-0.9898346690268913,-0.9965491742666995,0.9438415762364356,0.30000000000000004,True
ensemble methods,-0.6675874769797423,-0.9921123983238846,0.5111266690003502,0.3999999999999999,False
usability engineering,-0.8698849741871207,-0.997535124476214,0.4175626343951593,0.7,False
video games,-0.8539649008774781,-0.97880207049544,0.98219732959944,0.10000000000000009,True
object management,-0.9851599128348485,-0.9980280995809712,0.9323398509776466,0.30000000000000004,False
rapid prototyping,-0.7787599754450583,-0.9827458713334977,0.8095714357153574,0.19999999999999996,False
decision support,-0.7724072612470403,-0.9161942321912744,0.9362904435665351,0.0,False
configuration management,-0.8410165745856354,-0.9940842987429135,0.8822823423513526,0.19999999999999996,True
activation functions,-0.7787599754450583,-0.9995070248952428,0.623993599039856,0.3999999999999999,False
network function,-0.997525178149616,-1.0,0.9419412911936791,0.30000000000000004,False
error detection,-0.9202522462190971,-0.9921123983238846,0.7521628244236636,0.3999999999999999,True
terrorist networks,0.1995580110497237,-0.9990140497904856,0.6386457968695305,-0.6,False
social networks,-0.9226302675766439,-0.7441459206310082,0.9055858378756814,0.0,True
logic programs,-0.9431019296981343,-0.9334483608577767,0.8129719457918687,0.30000000000000004,False
stream processing,-0.9010497237569061,-0.9837318215430121,0.8210731609741462,0.30000000000000004,True
recognition performance,-0.9668980497709779,-0.9995070248952428,0.8009201380207029,0.3999999999999999,False
genetic algorithms,-0.5281165243596183,-0.7145674143455756,0.4765214782217331,0.0,True
large networks,-0.992516539017855,-0.9852107468572837,0.9103865579836976,0.30000000000000004,False
log n,-0.737801686536784,-0.988168597485827,0.9585437815672351,0.0,False
risk management,-0.4360870978225545,-0.97880207049544,0.9460419062859429,-0.30000000000000004,True
systems development,-0.9502832587915461,-0.9955632240571851,0.9732959943991599,0.19999999999999996,True
network approach,-0.997525178149616,-0.9970421493714567,0.9212881932289843,0.30000000000000004,False
artificial data,-0.9716769580760481,-1.0,0.6975546331949793,0.5,True
functional specification,-0.9858293618995403,-1.0,0.7092063809571436,0.5,False
user inputs,-0.9977918846730819,-1.0,0.6179926989048357,0.6000000000000001,True
domain experts,-0.9128209294767631,-0.9970421493714567,0.8297744661699256,0.30000000000000004,False
serious games,-0.8929371360310587,-0.9719004190288391,0.8846326949042358,0.19999999999999996,False
image segmentation,-0.9158652068181055,-0.8501355681538082,0.18437765664849715,0.8,True
image understanding,-0.9848688265551981,-0.9970421493714567,0.8977846677001549,0.30000000000000004,False
spam filtering,-0.7509668508287293,-0.9935913236381563,0.5592338850827623,0.3999999999999999,True
digital signature,-0.9264368763915231,-0.9980280995809712,0.8377256588488273,0.30000000000000004,True
network traffic,-0.9187697051759752,-0.9822528962287405,0.9128369255388309,0.19999999999999996,True
information systems,-0.7986585549369047,-0.8723194478678826,0.9819972995949395,-0.09999999999999998,True
computer worms,-0.9974599724260081,-0.9995070248952428,0.40741111166675004,0.8,True
conceptual model,-0.5746399782628386,-0.9945772738476707,0.4793218982847427,0.30000000000000004,False
network theory,-0.997525178149616,-0.9965491742666995,0.9021353202980447,0.30000000000000004,True
numerical methods,-0.9283375188347565,-0.9571111658861228,0.5934390158523779,0.5,True
model databases,-0.9964620374049813,-1.0,0.8019702955443317,0.3999999999999999,False
group key,-0.5587554521663275,-1.0,0.9625943891583739,-0.19999999999999996,False
feature space,-0.9202522462190971,-0.9926053734286419,0.9050357553633046,0.19999999999999996,False
proof system,-0.8581689029202841,-0.9980280995809712,0.8454268140221033,0.19999999999999996,False
spatial data,-0.8155720610296001,-0.9699285186098102,0.6740511076661502,0.30000000000000004,False
channel coding,-0.9703187420314492,-0.9960561991619423,0.6544481672250839,0.5,False
gesture recognition,-0.33406998158379375,-0.981266946019226,0.00200030004500662,0.5,True
extract features,-0.9058142594054196,-1.0,0.6883532529879484,0.3999999999999999,False
social network,-0.9128209294767631,-0.9615479418289377,0.9566935040256039,0.10000000000000009,True
performance modeling,-0.9974128967809015,-0.969435543505053,0.7491623743561535,0.3999999999999999,False
fuzzy logic,-0.7250904934273195,-0.8461917673157505,0.3527029054358153,0.3999999999999999,True
large graphs,-0.992516539017855,-0.9886615725905842,0.5621343201480222,0.6000000000000001,False
information gain,-0.9985095054854498,-0.9990140497904856,0.8730809621443216,0.30000000000000004,False
usability evaluation,-0.6074449778099811,-0.9935913236381563,0.3765564834725208,0.3999999999999999,False
visual interfaces,-0.9821371527323192,-0.9950702489524279,0.6508476271440717,0.5,False
remote access,-0.9344014732965009,-0.9940842987429135,0.901935290293544,0.19999999999999996,True
hash function,-0.6372677046710196,-0.9960561991619423,0.5013251987798171,0.30000000000000004,True
cache management,-0.919759241791313,-0.997535124476214,0.7838175726358956,0.30000000000000004,False
network models,-0.9832060012453177,-0.990633473009613,0.9383407511126669,0.19999999999999996,False
model optimization,-0.9964620374049813,-0.9985210746857284,0.7594639195879382,0.3999999999999999,False
dynamic scheduling,-0.9827882220564623,-0.9827458713334977,0.5285792868930341,0.6000000000000001,False
hoc networks,-0.05142803633298998,-0.7732314518116835,0.3868080212031806,-0.4,False
hardware description,-0.9824030567460112,-0.9995070248952428,0.9332899934990249,0.19999999999999996,False
integrity checks,-0.936553199073249,-1.0,0.5810371555733362,0.5,False
sample images,-0.9633482747836964,-1.0,0.9074861229184377,0.19999999999999996,False
data set,-0.9422489437764056,-0.9990140497904856,0.9840976146421965,0.10000000000000009,False
complex systems,-0.9205235640921058,-0.9344343110672911,0.8965344801720259,0.10000000000000009,False
image domain,-0.9970459359205674,-0.9995070248952428,0.9357903685552833,0.19999999999999996,False
network design,-0.9581474416627956,-0.9783090953906828,0.9723458518777817,0.10000000000000009,False
parallel architectures,-0.9360871212876718,-0.9876756223810698,0.1595739360904136,0.8999999999999999,True
loss functions,-0.9385704419889502,-0.9990140497904856,0.8719307896184427,0.19999999999999996,True
morphological filtering,-0.8581689029202841,-0.9965491742666995,0.6876031404710707,0.30000000000000004,False
virtual world,-0.881421660630733,-0.9985210746857284,0.9124868730309548,0.10000000000000009,False
outsourced data,-0.6675874769797423,-0.9965491742666995,0.9934990248537281,-0.19999999999999996,False
higher order,-0.9597028005334349,-0.9546462903623367,0.9426413962094313,0.10000000000000009,False
temporal logic,-0.8388532178587427,-0.9857037219620409,0.3518027704155624,0.6000000000000001,True
fuzzy sets,-0.9838540674414175,-0.9245748089721469,0.43156473471020673,0.6000000000000001,False
tool environments,-0.9659978675971698,-1.0,0.6884532679901985,0.3999999999999999,False
formal analysis,-0.9895378916105132,-0.9866896721715553,0.7983697554633196,0.30000000000000004,False
entertainment applications,-0.7054871923656454,-1.0,0.92443866579987,-0.09999999999999998,False
visual analysis,-0.9821371527323192,-0.9871826472763126,0.8860329049357403,0.19999999999999996,False
decision trees,-0.9324956590370955,-0.9516884397337935,0.8004700705105765,0.19999999999999996,True
application areas,-0.9292420866273923,-0.9995070248952428,0.9426413962094313,0.10000000000000009,False
motion planning,-0.979929258382297,-0.9763371949716539,0.8681802270340551,0.19999999999999996,True
parallel data,-0.9938807666992441,-0.9945772738476707,0.7965194779216884,0.30000000000000004,False
network based,-0.9653070301149448,-1.0,0.9713457018552785,0.10000000000000009,False
wireless networks,-0.7235794652578942,-0.6578752772984964,0.8866830024503676,-0.4,True
audit logs,-0.7509668508287293,-0.9995070248952428,0.45566835025253805,0.3999999999999999,False
efficient data,-0.9412893346144607,-0.9827458713334977,0.8277741661249189,0.19999999999999996,False
network protocols,-0.9867857954713923,-0.9950702489524279,0.6831024653698055,0.3999999999999999,False
nearest neighbors,-0.7152328334648776,-0.9857037219620409,0.39910986647997193,0.3999999999999999,True
queueing system,-0.5008287292817679,-0.9960561991619423,0.9932489873481021,-0.4,False
block cipher,-0.9296369376479874,-0.9960561991619423,0.9169375406310947,0.10000000000000009,True
scheduling model,-0.9518974730549769,-1.0,0.6410961644246638,0.3999999999999999,False
financial applications,-0.9497945884686216,-0.9965491742666995,0.9334900235035255,0.10000000000000009,False
external networks,-0.965370955011839,-0.9990140497904856,0.8513777066559984,0.19999999999999996,False
information modeling,-0.9907231048147273,-0.9970421493714567,0.7745661849277392,0.30000000000000004,False
video content,-0.99374796880078,-0.9926053734286419,0.9725458818822823,0.10000000000000009,False
soft computing,-0.9385704419889502,-0.9649987675622381,0.7864679701955293,0.19999999999999996,False
mining algorithms,-0.9058142594054196,-0.9970421493714567,0.4856728509276391,0.5,False
classification problems,-0.921060773480663,-0.9792950456001972,0.7831174676201431,0.19999999999999996,True
nonlinear programming,-0.9688290857244698,-0.9645057924574809,0.31304695704355656,0.7,True
computational modeling,-0.9910491684944057,-0.9842247966477693,0.3535030254538183,0.7,True
classification accuracy,-0.8089988950276243,-0.9935913236381563,0.6804020603090464,0.19999999999999996,True
random number,-0.925113644310791,-0.9970421493714567,0.899634945241786,0.10000000000000009,False
static program,-0.9822266235796935,-1.0,0.8545781867280093,0.19999999999999996,False
markup language,-0.6008839779005526,-0.9980280995809712,0.37035555333299985,0.30000000000000004,True
generic algorithms,-0.9729203952999766,-0.9980280995809712,0.5422813422013302,0.5,False
genetic programming,-0.9283375188347565,-0.905841754991373,0.7008051207681152,0.19999999999999996,True
model-based design,-0.9269899733988132,-0.9945772738476707,0.9877981697254588,0.0,False
multivariate techniques,-0.33406998158379375,-1.0,0.8993849077361604,-0.5,False
content distribution,-0.9647212456052235,-0.990633473009613,0.919387908186228,0.10000000000000009,False
adaptive web,-0.9747746437917999,-0.9990140497904856,0.53483022453368,0.5,False
dynamical systems,-0.46747697974217317,-0.9585900912003944,0.9843976596489472,-0.5,False
mobile environments,-0.9868113654301499,-0.981266946019226,0.7241086162924439,0.30000000000000004,False
feature representation,-0.9909983816061164,-0.9965491742666995,0.7433615042256339,0.30000000000000004,False
adaptive hypermedia,-0.9879398080837453,-0.9980280995809712,0.5384307646146922,0.5,False
reconstruction error,-0.9115032571946895,-1.0,0.5617342601390207,0.3999999999999999,False
digital environment,-0.9936381627772739,-0.9995070248952428,0.942541381207181,0.10000000000000009,True
balanced binary,-0.8676979742173112,-1.0,0.4166624993749062,0.5,False
dialogue systems,-0.6675874769797423,-0.997535124476214,0.70965644846727,0.0,False
security architectures,-0.9978825811158264,-0.9995070248952428,0.34165124768715316,0.7,False
information assurance,-0.9881276379244864,-0.9940842987429135,0.7259088863329501,0.30000000000000004,False
program transformation,-0.9770917127071823,-0.9921123983238846,0.709956493474021,0.30000000000000004,True
text classification,-0.9802601289134438,-0.9792950456001972,0.7980197029554432,0.19999999999999996,True
memory architectures,-0.9927321482234911,-0.9995070248952428,0.3287993198979846,0.7,True
feature matching,-0.9909983816061164,-0.9945772738476707,0.821573235985398,0.19999999999999996,False
virtual memory,-0.9628063126173042,-0.9955632240571851,0.8906335950392559,0.10000000000000009,True
formal verification,-0.954836649314981,-0.9704214937145674,0.5572335850377559,0.3999999999999999,False
compression codes,-0.9585282708357823,-1.0,0.5901885282792418,0.3999999999999999,False
smart phones,-0.9058142594054196,-0.9926053734286419,0.8299244886733013,0.10000000000000009,True
learning systems,-0.9283375188347565,-0.9980280995809712,0.9509426413962097,0.0,True
data sets,-0.8971677303812086,-0.9940842987429135,0.9124868730309548,0.0,False
location information,-0.7702082447938802,-0.9921123983238846,0.9803470520578088,-0.19999999999999996,False
game loop,-0.9952020078554084,-1.0,0.8080212031804772,0.19999999999999996,False
automatic classification,-0.9905728409421344,-0.9738723194478679,0.6762014302145323,0.30000000000000004,False
social networking,-0.9912956342758098,-0.9797880207049544,0.882732409861479,0.10000000000000009,True
bilinear pairings,-0.0005524861878453136,-0.9891545476953414,1.0,-1.0,False
interaction techniques,-0.8034649751040175,-0.9990140497904856,0.712006801020153,0.10000000000000009,False
data centers,-0.9998527164480463,-0.9723933941335963,0.8803320498074712,0.10000000000000009,True
electron microscopy,1.0,-0.9960561991619423,-0.0013502025303795406,-1.0,True
interactive computer,-0.971326624572481,-1.0,0.8731809771465722,0.10000000000000009,False
systems management,-0.9756941155836183,-0.997535124476214,0.974196129419413,0.0,False
speech signal,-0.9566359729895642,-0.9955632240571851,0.7530629594439164,0.19999999999999996,False
formal requirements,-0.9895378916105132,-0.9995070248952428,0.788418262739411,0.19999999999999996,False
coding techniques,-0.8191863385233551,-0.9980280995809712,0.6134420163024452,0.19999999999999996,False
content information,-0.982913108990457,-1.0,0.9778966845026753,0.0,False
digital signatures,-0.9413704955883566,-0.9926053734286419,0.5288793318997851,0.3999999999999999,True
sequence learning,-0.9659978675971698,-0.9980280995809712,0.8535780367055059,0.10000000000000009,False
life cycle,-0.16947693190787116,-0.9970421493714567,0.8551782767415113,-0.7,True
discrete time,-0.9647212456052235,-0.9866896721715553,0.5395309296394459,0.3999999999999999,False
network capabilities,-0.997525178149616,-1.0,0.7851677751662751,0.19999999999999996,True
language generation,-0.9894706411409482,-0.9995070248952428,0.8704805720858126,0.10000000000000009,False
location-based service,-0.9177255985267035,-0.9990140497904856,0.995199279891984,-0.09999999999999998,True
web intelligence,-0.9952708470917965,-0.9970421493714567,0.8701305195779367,0.10000000000000009,False
basic data,-0.972787449181695,-1.0,0.9462919437915687,0.0,False
security risk,-0.9688810597770483,-1.0,0.941341201180177,0.0,False
data points,-0.9798166216057365,-0.9970421493714567,0.948742311346702,0.0,False
interactive systems,-0.8164792159957905,-0.9866896721715553,0.873130969645447,-0.09999999999999998,False
image description,-0.9970459359205674,-0.9985210746857284,0.9623443516527477,0.0,False
image translation,-0.9848688265551981,-0.9995070248952428,0.8504775716357451,0.10000000000000009,False
word sequence,-0.8899324739103744,-1.0,0.8465769865479822,0.0,False
logic design,-0.9721034510369125,-0.9995070248952428,0.8279241886282942,0.10000000000000009,False
information visualization,-0.9881276379244864,-0.9852107468572837,0.42766414962244337,0.5,False
semiconductor manufacturing,-0.0005524861878453136,-0.9807739709144688,0.5351802770415564,-0.6,False
wireless security,-0.9938016695568013,-0.997535124476214,0.9383407511126669,0.0,True
object tracking,-0.9851599128348485,-0.9595760414099088,0.7900185027754163,0.10000000000000009,True
workflow management,-0.5753379569766075,-0.9857037219620409,0.5030754613191979,0.0,True
drug design,-0.20066298342541433,-0.9970421493714567,0.9369405410811622,-0.8,False
sequential data,-0.9058142594054196,-0.9940842987429135,0.33900085012751924,0.5,False
application domains,-0.9402979152040536,-0.9990140497904856,0.7752662899434917,0.10000000000000009,False
network structure,-0.9939453839235415,-0.9950702489524279,0.9246386958043709,0.0,True
color models,-0.9842889642044663,-1.0,0.9190378556783516,0.0,False
language understanding,-0.9545676474367211,-1.0,0.8884832724908738,0.0,False
input devices,-0.9082702056159936,-0.9995070248952428,0.8416762514377156,0.0,False
energy minimization,-0.953078453038674,-0.981266946019226,0.9664949742461368,-0.09999999999999998,False
data analysis,-0.9723030860398703,-0.9625338920384521,0.9622443366504976,-0.09999999999999998,False
network performance,-0.9402484705324228,-0.9926053734286419,0.9567435115267291,-0.09999999999999998,True
casual users,-0.7152328334648776,-0.9995070248952428,0.7323598539780967,-0.09999999999999998,False
binary decision,-0.9640474728872519,-0.9970421493714567,0.6782517377606643,0.19999999999999996,False
virtual computing,-0.991530307436094,-1.0,0.8074211131669751,0.10000000000000009,False
electronic signatures,-0.9795103144004134,-0.9990140497904856,0.4943741561234185,0.3999999999999999,True
medical imaging,-0.8676979742173112,-0.9842247966477693,0.7667150072510878,0.0,True
location-based services,-0.9177255985267035,-0.9630268671432093,0.9954993248987349,-0.19999999999999996,True
digital rights,-0.9637709243836068,-0.997535124476214,0.9737960694104115,-0.09999999999999998,False
database machine,-0.9930684062215713,-1.0,0.9040356053408012,0.0,False
numerical solution,-0.9647212456052235,-0.9092925807246734,0.5844376656498476,0.19999999999999996,False
multiple solutions,-0.9966679325256337,-0.9965491742666995,0.9015852377856681,0.0,False
represent data,-0.9431019296981343,-1.0,0.8447267090063508,0.0,False
vision systems,-0.7926565377532229,-0.9960561991619423,0.8901335200280045,-0.19999999999999996,False
existing approaches,-0.9243239662413716,-0.9985210746857284,0.723258488773316,0.10000000000000009,False
spatial databases,-0.9215908675130804,-0.9857037219620409,0.5062759413912086,0.30000000000000004,False
dynamic reconfiguration,-0.9736298468968482,-0.9911264481143702,0.8637295594339152,0.0,False
communication protocols,-0.9532970037523806,-0.9857037219620409,0.6357453618042708,0.19999999999999996,False
binary images,-0.9269899733988132,-0.9802809958097116,0.7003050457568636,0.10000000000000009,False
network complexity,-0.9939453839235415,-1.0,0.6857028554283144,0.19999999999999996,False
speech processing,-0.9121669736034377,-0.9945772738476707,0.7979196879531929,0.0,True
accessible design,-0.9058142594054196,-0.9980280995809712,0.7944691703755564,0.0,False
multidimensional databases,-0.8370799746399783,-0.9985210746857284,0.8257238585787867,-0.09999999999999998,False
security policies,-0.9559914947375913,-0.9940842987429135,0.9393909086362955,-0.09999999999999998,False
availability constraints,-0.8676979742173112,-0.9960561991619423,0.6524978746812022,0.10000000000000009,False
single sign-on,-0.9861713531788571,-0.997535124476214,0.9711456718507776,-0.09999999999999998,True
third party,-0.4469528261793455,-0.9990140497904856,0.9314397159573935,-0.6,False
image search,-0.9970459359205674,-0.9970421493714567,0.9792468870330548,-0.09999999999999998,False
management tools,-0.9867601338640369,-0.9980280995809712,0.9697954693203981,-0.09999999999999998,False
mobile agents,-0.9525067087608524,-0.9561252156766084,0.8901835275291294,-0.09999999999999998,False
action selection,-0.9477421731123389,-0.9950702489524279,0.9226383957593638,-0.09999999999999998,False
internet usage,-0.9647212456052235,-0.9950702489524279,0.836125418812822,0.0,False
real-time tasks,-0.9484443152079093,-0.9935913236381563,0.8175726358953843,0.0,False
mobile systems,-0.9953875295974743,-0.9876756223810698,0.9577436615492325,-0.09999999999999998,True
educational games,-0.9576026903675234,-0.9886615725905842,0.9168375256288444,-0.09999999999999998,False
resource discovery,-0.9344014732965009,-0.9901404979048558,0.7924188628294244,0.0,False
control problem,-0.9894706411409482,-0.9985210746857284,0.9557933690053508,-0.09999999999999998,False
decision making,-0.3150118389897395,-0.929504560019719,0.9121868280242036,-0.8,False
ray tracing,-0.8009944751381215,-0.9970421493714567,0.16457468620293048,0.5,False
numerical integration,-0.9647212456052235,-0.9861966970667981,0.5164274641196178,0.30000000000000004,False
image restoration,-0.9889278630103213,-0.9595760414099088,0.7140071010651596,0.10000000000000009,False
distributed environment,-0.958300587939847,-0.9970421493714567,0.819822973446017,0.0,False
covert channels,-0.6008839779005526,-0.9960561991619423,-0.041306195929389444,0.5,False
model parameters,-0.9871761674635628,-0.997535124476214,0.8437265589838476,0.0,False
word representations,-0.8899324739103744,-1.0,0.5424813722058308,0.19999999999999996,False
knowledge integration,-0.9857118572035699,-0.9950702489524279,0.8326749012351853,0.0,False
information flow,-0.9699593696928005,-0.9876756223810698,0.9092863929589439,-0.09999999999999998,False
on-chip interconnects,-0.9534596158905552,-0.9955632240571851,1.0,-0.19999999999999996,False
information technology,-0.9102636312172611,-0.9226029085531181,0.983397509626444,-0.30000000000000004,True
building secure,-0.9561363213110683,-0.9995070248952428,0.9047857178576788,-0.09999999999999998,False
multimedia documents,-0.9832379636937648,-0.9955632240571851,0.826674001100165,0.0,False
security policy,-0.9334347559185416,-0.9985210746857284,0.978046707006051,-0.19999999999999996,True
network architectures,-0.997525178149616,-0.997535124476214,0.3411011651747764,0.5,True
interconnection networks,-0.6372677046710196,-0.9852107468572837,0.06555983397509646,0.3999999999999999,False
keyword-based retrieval,-0.6008839779005526,-1.0,0.5435815372305846,-0.09999999999999998,False
compression technique,-0.8733748677559656,-0.9995070248952428,0.5145771865779867,0.19999999999999996,False
data semantics,-0.9986004605204019,-1.0,0.439115867380107,0.3999999999999999,False
virtual worlds,-0.9053583229797245,-0.9773231451811684,0.6220433064959745,0.10000000000000009,False
non-rigid objects,-0.7509668508287293,-0.997535124476214,0.8812821923288494,-0.30000000000000004,False
network technologies,-0.9867857954713923,-0.9970421493714567,0.9141871280692104,-0.09999999999999998,False
program verification,-0.9931005524861879,-0.9965491742666995,0.7177076561484224,0.10000000000000009,True
quantum cryptography,-0.8149556726198124,-0.9960561991619423,-0.2621893283992599,0.8999999999999999,True
false data,-0.9510773480662984,-0.9980280995809712,0.8739310896634496,-0.09999999999999998,False
communication networks,-0.9737861331623706,-0.9723933941335963,0.8706305945891883,-0.09999999999999998,True
cluster analysis,-0.8539649008774781,-0.9630268671432093,0.736560484072611,-0.09999999999999998,True
neural field,-0.9712377339820236,-1.0,0.4865729859478922,0.30000000000000004,False
data representation,-0.9898346690268913,-0.9965491742666995,0.7997699654948243,0.0,False
data replication,-0.9973482045927575,-0.9945772738476707,0.5026754013101966,0.30000000000000004,False
evaluation criteria,-0.9866042117063015,-0.9926053734286419,0.7891183677551632,0.0,False
buffer overflow,-0.7628781899500132,-0.9990140497904856,0.17007551132669896,0.3999999999999999,True
real-time systems,-0.9168479209072404,-0.9605619916194232,0.9843976596489472,-0.30000000000000004,True
knowledge discovery,-0.9395325116872079,-0.9511954646290363,0.7877681652247839,-0.09999999999999998,False
system design,-0.9192513782419164,-0.9654917426669953,0.981047157073561,-0.30000000000000004,True
control systems,-0.9022131568803803,-0.9704214937145674,0.9677951692753912,-0.30000000000000004,True
sparse representation,-0.9321013526385978,-0.9285186098102046,-0.14507176076411465,0.8,True
image tagging,-0.9970459359205674,-0.9985210746857284,0.1896784517677652,0.6000000000000001,False
relational databases,-0.7843186003683241,-0.9635198422479665,0.14137120568085204,0.3999999999999999,True
computational geometry,-0.9206585413254116,-0.9950702489524279,0.20893133970095512,0.5,True
classification models,-0.985096132596685,-0.9921123983238846,0.769215382307346,0.0,True
distributed real-time,-0.9690016840488078,-1.0,0.8590788618292744,-0.09999999999999998,False
hierarchical memory,-0.9810939226519337,-0.9990140497904856,0.2695904385657848,0.5,False
peer-to-peer systems,-0.7152328334648776,-0.9802809958097116,0.9843976596489472,-0.5,True
universal access,-0.8105235464351487,-0.9797880207049544,0.8760814122118319,-0.30000000000000004,False
finite element,-0.8343462246777165,-0.990633473009613,0.5074261139170877,0.10000000000000009,False
object classification,-0.9851599128348485,-0.9930983485333991,0.7579636945541832,0.0,True
still images,-0.9693414013856003,-0.997535124476214,0.9462419362904435,-0.19999999999999996,False
query algebra,-0.9862819725803151,-0.9995070248952428,0.46506976046406967,0.30000000000000004,False
incremental construction,-0.8984842045615526,-0.9980280995809712,0.2747412111816774,0.3999999999999999,False
risk analysis,-0.7656808579785506,-0.981266946019226,0.924988748312247,-0.4,True
information retrieval,-0.9569820352415963,-0.9073206803056446,0.5411811771765764,0.10000000000000009,False
design problems,-0.9917540145608509,-0.9945772738476707,0.9554933239985999,-0.19999999999999996,False
power management,-0.9275349366265844,-0.9822528962287405,0.9744961744261638,-0.30000000000000004,False
system architectures,-0.9903347626212466,-0.9960561991619423,0.34980247037055556,0.3999999999999999,False
statistical analysis,-0.7831628466714075,-0.9260537342864186,0.7721658248737311,-0.30000000000000004,True
knowledge repositories,-0.9934084147896303,-1.0,0.9551932789918489,-0.19999999999999996,False
security issues,-0.9141004083593562,-0.9852107468572837,0.9592438865829873,-0.30000000000000004,False
related problems,-0.9083385167026453,-0.9891545476953414,0.9528429264389657,-0.30000000000000004,False
sixth edition,-0.0005524861878453136,-1.0,0.6531479721958293,-0.9,False
optical networks,-0.87603591160221,-0.9585900912003944,0.7872180827124069,-0.19999999999999996,False
parameter settings,-0.8833929151771206,-0.9990140497904856,0.7326598989848476,-0.09999999999999998,False
service-oriented architectures,-0.921060773480663,-0.9891545476953414,0.3565534830224535,0.30000000000000004,False
phrase structure,-0.7509668508287293,-1.0,0.6892533880082012,-0.19999999999999996,False
resource allocation,-0.7509668508287293,-0.7964012817352724,0.6854528179226884,-0.4,False
error reduction,-0.9808917908365422,-0.9990140497904856,0.8176226433965095,-0.09999999999999998,False
large databases,-0.9753396723021839,-0.9916194232191274,0.802670400560084,-0.09999999999999998,False
location management,-0.9497945884686216,-0.9896475228000986,0.9725458818822823,-0.30000000000000004,False
online reputation,-0.9779261503018409,-1.0,0.7106565984897735,0.0,False
feature detectors,-0.9909983816061164,-1.0,0.4230134520178026,0.30000000000000004,False
intellectual property,-0.0775180620484488,-0.9871826472763126,0.793719057858679,-1.0,True
continuous time,-0.9101456554495229,-0.9861966970667981,0.8250737610641596,-0.19999999999999996,False
planning agent,-0.9610828729281768,-1.0,0.8896834525178776,-0.19999999999999996,False
face verification,-0.9610828729281768,-0.9916194232191274,0.6790018502775419,0.0,False
data streams,-0.9860779012439582,-0.9433078629529209,0.6550482572385858,0.0,False
ongoing development,-0.9566359729895642,-1.0,0.780717107566135,-0.09999999999999998,False
2.0 technologies,-0.7152328334648776,-0.9960561991619423,0.9296394459168875,-0.5,False
information extraction,-0.9777457703635231,-0.9807739709144688,0.5674851227684152,0.10000000000000009,False
independent component,-0.9336519957787572,-0.9960561991619423,0.8348752312846928,-0.19999999999999996,False
transfer function,-0.8899324739103744,-0.9965491742666995,0.8905835875381307,-0.30000000000000004,False
uniform random,-0.9677532228360958,-1.0,0.6707006050907636,0.0,False
routing protocols,-0.7000537818412946,-0.990633473009613,0.39345901885282775,0.0,False
arbitrary data,-0.9666031625071442,-0.9995070248952428,0.5678851827774167,0.10000000000000009,False
temporal databases,-0.9470210542033747,-0.9891545476953414,0.3374006100915137,0.30000000000000004,False
design techniques,-0.9940917540145608,-0.9921123983238846,0.8871830774616192,-0.19999999999999996,False
smart space,-0.8581689029202841,-0.9990140497904856,0.8576286442966445,-0.30000000000000004,False
stability analysis,-0.4293606945540648,-0.9078136554104018,0.7340101015152272,-0.7,False
real-time scheduling,-0.980040709508578,-0.9921123983238846,0.664849727459119,0.0,False
storage systems,-0.8564467816015443,-0.9861966970667981,0.9347402110316549,-0.4,True
similarity search,-0.9010497237569061,-0.9970421493714567,0.48957343601540226,0.10000000000000009,False
structure visualization,-0.980040709508578,-1.0,0.3701555233284992,0.30000000000000004,False
approximation schemes,-0.9269899733988132,-0.9935913236381563,0.10691603740561084,0.5,False
word alignment,-0.8899324739103744,-1.0,0.5761364204630695,0.0,False
processing concepts,-0.9754497804221561,-1.0,0.7591138670800619,-0.09999999999999998,False
performance issues,-0.9678762920225887,-0.9950702489524279,0.9463419512926936,-0.30000000000000004,False
portable devices,-0.8191863385233551,-0.9945772738476707,0.7960194029104366,-0.30000000000000004,False
information processing,-0.9569820352415963,-0.9847177717525265,0.9233385007751165,-0.30000000000000004,True
performance evaluation,-0.9088030825059632,-0.7007641114123737,0.884682702405361,-0.6,True
grid environment,-0.8086910327241819,-0.9960561991619423,0.772465869880482,-0.30000000000000004,False
electronic commerce,-0.5476171548948687,-0.9373921616958344,0.8511276691503726,-0.7,False
enhancing security,-0.8957836580401279,-0.9945772738476707,0.5498824823723558,0.0,False
virtual communities,-0.991530307436094,-0.9723933941335963,0.8234235135270291,-0.19999999999999996,False
dynamic modeling,-0.9965257847958835,-0.9847177717525265,0.6406961044156625,0.0,False
efficient sets,-0.9956671871246697,-0.9995070248952428,0.7532629894484173,-0.09999999999999998,False
sequence alignment,-0.7553552389260444,-0.9926053734286419,0.5036255438315749,-0.09999999999999998,False
control rules,-0.9894706411409482,-0.9995070248952428,0.9424913737060558,-0.30000000000000004,False
value iteration,-0.9861713531788571,-1.0,0.1376206430964646,0.5,False
digital archives,-0.9936381627772739,-0.9945772738476707,0.9370905635845377,-0.30000000000000004,False
two levels,-0.9944420257418093,-0.9960561991619423,0.9346902035305293,-0.30000000000000004,False
neural representation,-0.9861713531788571,-0.9985210746857284,0.32149822473371015,0.30000000000000004,False
physical design,-0.993164079628168,-0.9980280995809712,0.9243886582987446,-0.30000000000000004,False
geometric modeling,-0.8382243350892972,-0.9970421493714567,0.16562484372655906,0.30000000000000004,False
thermal management,-0.33406998158379375,-0.9921123983238846,0.7519627944191629,-0.8,False
data classification,-0.9935914368098244,-0.9901404979048558,0.8089213382007301,-0.19999999999999996,True
disaster recovery,-0.6675874769797423,-0.9945772738476707,0.6860029004350654,-0.4,True
critical business,-0.9897992945656584,-1.0,0.9073861079161873,-0.30000000000000004,False
broadcast authentication,-0.8410165745856354,-0.9965491742666995,0.553483022453368,-0.09999999999999998,False
wide area,-0.9330401773969256,-0.9970421493714567,0.9415912386858032,-0.4,False
advanced techniques,-0.9698377071823204,-0.9965491742666995,0.8772815922388357,-0.30000000000000004,False
basic structures,-0.991665797977692,-0.9995070248952428,0.8014202130319548,-0.19999999999999996,False
simulation techniques,-0.9781037657966597,-0.9965491742666995,0.6835525328799319,-0.09999999999999998,True
pervasive computing,-0.54370955011839,-0.9886615725905842,-0.06505975896384453,0.19999999999999996,False
human interaction,-0.9946705512426498,-0.9926053734286419,0.7886182927439116,-0.19999999999999996,False
immersive visualization,-0.9296369376479874,-1.0,0.4300645096764515,0.10000000000000009,False
data quality,-0.9910869249545358,-0.9847177717525265,0.9739460919137872,-0.4,False
new media,-0.9914776632302406,-0.9935913236381563,0.9821973295994402,-0.4,False
coding theory,-0.9404654277582455,-0.9965491742666995,0.6316447467120068,-0.09999999999999998,True
interactive art,-0.9772822941331228,-1.0,0.8718807821173178,-0.30000000000000004,False
service security,-0.9915073466089007,-1.0,0.9802970445566834,-0.4,False
wireless sensor,-0.7381860708956729,-0.9837318215430121,0.7095064259638948,-0.4,False
mathematical logic,-0.9693414013856003,-0.9955632240571851,0.5524828724308648,0.0,False
general systems,-0.9926614914795906,-0.9990140497904856,0.9748962344351653,-0.4,False
knowledge management,-0.8933531661708457,-0.8737983731821544,0.9449917487623145,-0.6,False
large datasets,-0.9968107556967728,-0.9842247966477693,0.058508776316447575,0.5,True
heavy-tailed distributions,-0.33406998158379375,-0.9960561991619423,0.6057908686302946,-0.7,False
success factors,-0.3691770863623147,-0.9891545476953414,0.8337250587588139,-0.9,False
resource constraints,-0.9010497237569061,-0.9876756223810698,0.662499374906236,-0.19999999999999996,False
scheduling data,-0.9847024726021194,-1.0,0.6583487523128471,-0.09999999999999998,False
wireless technologies,-0.9207686413679074,-0.9926053734286419,0.8828824323648548,-0.4,False
real-time data,-0.9273800523407968,-0.9970421493714567,0.9934990248537281,-0.5,True
power control,-0.8833929151771206,-0.9186591077150604,0.9680952142821424,-0.6,False
approximation results,-0.9269899733988132,-0.9985210746857284,0.39025853878081707,0.10000000000000009,False
maximal independent,-0.8191863385233551,-0.9985210746857284,0.07686152922938438,0.30000000000000004,False
fractal geometry,-0.87603591160221,-0.9980280995809712,0.6323948592288844,-0.19999999999999996,False
level analysis,-0.9957686924493554,-1.0,0.9505925888883333,-0.4,False
packet forwarding,-0.9321013526385978,-0.9985210746857284,0.28534280142021307,0.19999999999999996,True
clustering algorithm,-0.4201390126537159,-0.9763371949716539,0.04930739610941637,-0.09999999999999998,True
continuous services,-0.970785200066968,-0.9995070248952428,0.8230234535180279,-0.30000000000000004,False
classification tasks,-0.985096132596685,-0.9970421493714567,0.6329949492423863,-0.09999999999999998,False
eye tracking,-0.8343462246777165,-0.9852107468572837,0.769215382307346,-0.4,False
context awareness,-0.9772822941331228,-0.9945772738476707,0.7189078361754262,-0.19999999999999996,False
telecommunications systems,-0.8343462246777165,-0.997535124476214,0.7775166274941243,-0.4,True
large scale,-0.8679842553292391,-0.9753512447621395,0.8881332199829974,-0.5,False
power consumption,-0.5743987650308742,-0.9714074439240818,0.7904685702855427,-0.7,True
point models,-0.9888282547537539,-0.9995070248952428,0.9319397909686453,-0.4,False
second edition,-0.9038290362185389,-0.9935913236381563,0.9398409761464219,-0.5,False
algebraic specifications,-0.921060773480663,-0.9955632240571851,0.05805870880632091,0.3999999999999999,False
data communications,-0.9986004605204019,-0.9945772738476707,0.9315897384607692,-0.4,True
information geometry,-0.9985095054854498,-0.997535124476214,0.6299944991748763,-0.09999999999999998,True
knowledge processing,-0.9549256268593285,-0.9945772738476707,0.8809321398209731,-0.4,False
stability conditions,-0.7152328334648776,-0.9960561991619423,0.7427114067110068,-0.5,False
breast cancer,-0.33406998158379375,-0.9738723194478679,0.8372755913387007,-1.0,False
fuzzy graphs,-0.9838540674414175,-0.9901404979048558,0.09776466469970502,0.3999999999999999,False
geometric computing,-0.9545676474367211,-0.9995070248952428,0.27769165374806226,0.19999999999999996,False
virtual teams,-0.991530307436094,-0.9911264481143702,0.8014202130319548,-0.30000000000000004,False
decomposition methods,-0.8957836580401279,-0.9921123983238846,0.2048807321098165,0.19999999999999996,False
top management,-0.7702082447938802,-0.9995070248952428,0.9846476971545732,-0.7,False
temporal access,-0.9830769996515852,-0.9990140497904856,0.4955243286492974,0.0,True
communication systems,-0.9328078743423905,-0.9763371949716539,0.9215882382357357,-0.5,True
performance prediction,-0.9863366699965342,-0.9783090953906828,0.5765864879731959,-0.09999999999999998,False
identity theft,-0.5906219011191387,-0.9935913236381563,0.5954393158973845,-0.5,False
project management,-0.7856013599660008,-0.9807739709144688,0.975446316947542,-0.7,True
online collaboration,-0.9856524243264575,-0.9990140497904856,0.7932189828474272,-0.30000000000000004,False
key components,-0.988903112788034,-0.9995070248952428,0.8964844726709007,-0.4,False
statistical pattern,-0.9812920518571194,-0.9995070248952428,0.6856028404260637,-0.19999999999999996,False
wireless networking,-0.9645884582812437,-0.9955632240571851,0.8638295744361655,-0.4,True
collaborative development,-0.9838540674414175,-0.997535124476214,0.682102315347302,-0.19999999999999996,False
mobile technology,-0.9753764798737175,-0.988168597485827,0.9591438715807372,-0.5,False
television series,-0.40077348066298346,-0.9995070248952428,0.8955843376506476,-1.0,True
dynamic systems,-0.9919465972160765,-0.9625338920384521,0.8481272190828624,-0.4,False
online research,-0.9933786983510741,-0.9995070248952428,0.9864979746962044,-0.5,False
grid infrastructure,-0.9818635784105397,-0.9995070248952428,0.6748512276841527,-0.19999999999999996,False
failure detectors,-0.6827473631341034,-0.9980280995809712,0.37205580837125574,-0.19999999999999996,True
resource management,-0.8009944751381215,-0.9645057924574809,0.949642446366955,-0.7,True
social interaction,-0.7166341674791463,-0.9861966970667981,0.7847677151572736,-0.6,True
processor allocation,-0.9754497804221561,-0.9980280995809712,0.5553332999949994,-0.09999999999999998,False
logic devices,-0.9721034510369125,-1.0,0.7536630494574184,-0.30000000000000004,False
large-scale complex,-0.9308907628186488,-1.0,0.9121368205230784,-0.5,False
wireless systems,-0.9864983667379118,-0.9723933941335963,0.9376406460969147,-0.5,True
random sample,-0.9757745296873908,-1.0,0.8485272790918637,-0.4,False
data placement,-0.9960959486651132,-0.9990140497904856,0.7672150822623396,-0.30000000000000004,False
control system,-0.9312989849672363,-0.9758442198668967,0.9766464969745463,-0.6,True
stress reduction,-0.25069060773480656,-1.0,0.713106966044907,-1.0,True
microarray experiments,-0.5008287292817679,-0.9980280995809712,0.7555133269990497,-0.8,False
evaluation metrics,-0.9721034510369125,-0.997535124476214,0.32289843476521485,0.10000000000000009,False
data retrieval,-0.9910869249545358,-0.9960561991619423,0.5370805620843127,-0.09999999999999998,False
security protection,-0.9978825811158264,-0.9970421493714567,0.9394409161374204,-0.5,False
confidential information,-0.6675874769797423,-0.9980280995809712,0.7092063809571436,-0.6,False
technical solutions,-0.9808917908365422,-0.9995070248952428,0.9236385457818674,-0.5,True
evaluation methods,-0.9286011690287452,-0.9955632240571851,0.866980047007051,-0.5,False
collaborative filtering,-0.8803486378357782,-0.9585900912003944,0.3808071210681603,-0.09999999999999998,False
systems biology,-0.9947522581776725,-0.9871826472763126,0.820473070960644,-0.4,True
video surveillance,-0.9790339616509587,-0.9807739709144688,0.6910036505475821,-0.30000000000000004,True
wireless applications,-0.9938016695568013,-0.9916194232191274,0.9129869480422064,-0.5,False
regression analysis,-0.33406998158379375,-0.9783090953906828,0.5369305395809372,-0.8,False
mobility management,-0.7958634367474147,-0.9753512447621395,0.6947542131319697,-0.5,False
hybrid systems,-0.9444699259876994,-0.969435543505053,0.7332599889983498,-0.4,False
online advertising,-0.9392947801787581,-0.9930983485333991,0.9515927389108367,-0.6,True
time series,-0.9462801786119731,-0.9097855558294307,0.9738460769115369,-0.7,True
design methodologies,-0.9940917540145608,-0.997535124476214,0.3058458768815322,0.10000000000000009,False
medical applications,-0.9344014732965009,-0.988168597485827,0.9347402110316547,-0.6,False
business flow,-0.9967261868781508,-1.0,0.9081862279341901,-0.5,False
mobile phones,-0.8438752959747435,-0.960069016514666,0.9135870380557085,-0.7,True
conditional entropy,-0.8191863385233551,-1.0,-0.37125568835325307,0.6000000000000001,False
video streaming,-0.9863909652258693,-0.9743652945526251,0.6689003350502576,-0.30000000000000004,True
lower bounds,-0.9566359729895642,-0.908306630515159,0.3718557783667551,-0.09999999999999998,False
food processing,-0.5008287292817679,-0.9995070248952428,0.9048857328599291,-1.0,False
media streaming,-0.96504902692748,-0.9965491742666995,0.660149022353353,-0.30000000000000004,False
digital camera,-0.9413704955883566,-0.997535124476214,0.9368405260789119,-0.6,True
sign language,-0.6675874769797423,-0.9935913236381563,0.9579936990548581,-0.9,True
business processes,-0.7339990570257625,-0.9689425684002958,0.8939840976146423,-0.8,False
cellular networks,-0.9080303224977515,-0.8506285432585654,0.7485122768415262,-0.6,True
technology management,-0.9877642725598527,-0.9985210746857284,0.9755963394509177,-0.6,True
emerging applications,-0.9296369376479874,-0.9955632240571851,0.7128069210381558,-0.4,False
planning systems,-0.9610828729281768,-0.9985210746857284,0.946091913787068,-0.6,True
theoretical problems,-0.9808917908365422,-0.9995070248952428,0.6667500125018753,-0.30000000000000004,False
new methods,-0.9901023333523191,-0.9827458713334977,0.9531929789468421,-0.6,False
packet access,-0.9781037657966597,-0.9995070248952428,0.7578636795519329,-0.4,False
autonomic systems,-0.8105235464351487,-0.9985210746857284,0.9843976596489472,-0.8,False
young people,-0.6008839779005526,-0.9935913236381563,0.9662949442416362,-1.0,False
radio frequency,-0.6675874769797423,-0.9930983485333991,0.8318747812171827,-0.8,True
wireless communications,-0.9864983667379118,-0.9339413359625339,0.8913337000550083,-0.6,True
payment system,-0.8984842045615526,-1.0,0.9663449517427611,-0.7,True
online courses,-0.9779261503018409,-0.9921123983238846,0.936890533580037,-0.6,True
representation system,-0.93757783039551,-1.0,0.7995199279891985,-0.5,False
warehouse systems,-0.8899324739103744,-0.9990140497904856,0.7503125468820324,-0.5,False
cognitive systems,-0.9735668305540068,-0.9965491742666995,0.6261439215882383,-0.30000000000000004,False
segmentation problem,-0.9255915771917023,-0.9995070248952428,0.1755263289493425,0.10000000000000009,False
multidimensional scaling,-0.9682999728285482,-0.9837318215430121,0.4007101065159775,-0.09999999999999998,False
video communication,-0.9863909652258693,-0.997535124476214,0.9294394159123869,-0.6,True
random fields,-0.9757745296873908,-0.9866896721715553,0.8070710606590987,-0.5,False
human factors,-0.956064024444405,-0.9792950456001972,0.8789818472770916,-0.6,False
architectural design,-0.8517687804073555,-0.9921123983238846,0.6842526378956844,-0.5,False
video communications,-0.99374796880078,-0.9990140497904856,0.93033955093264,-0.6,True
mining techniques,-0.7628781899500132,-0.9911264481143702,0.6913537030554584,-0.6,False
auditory interfaces,-0.8343462246777165,-0.9995070248952428,-0.23178476771515732,0.3999999999999999,False
global convergence,-0.979929258382297,-0.97880207049544,0.49292393859078865,-0.19999999999999996,True
interest management,-0.6258977900552487,-0.9985210746857284,0.9571935790368555,-1.0,False
general linear,-0.9926614914795906,-1.0,0.8246737010551584,-0.5,False
mobile commerce,-0.9639415943172849,-0.9822528962287405,0.8771815772365856,-0.6,False
correctness proof,-0.6372677046710196,-0.9985210746857284,-0.040106015902385383,0.0,False
recent advances,-0.9154962035040033,-0.9004190288390437,0.6397959693954094,-0.5,False
wireless channels,-0.9791950639190224,-0.9871826472763126,0.7901685252787918,-0.5,True
finite point,-0.9733118477593615,-1.0,0.5966394959243886,-0.30000000000000004,False
character animation,-0.8939029202841358,-0.9985210746857284,0.7145571835775366,-0.5,False
mobile services,-0.9753764798737175,-0.9763371949716539,0.96884532679902,-0.7,False
active learning,-0.9680288571298115,-0.9423219127434065,0.9188878331749764,-0.7,False
sentiment classification,-0.8581689029202841,-0.9847177717525265,0.04010601590238516,0.10000000000000009,False
computer mediated,-0.9974599724260081,-1.0,0.3944591688753314,-0.09999999999999998,False
differential equations,-0.2864246250986582,-0.9536603401528223,0.3353002950442565,-0.8,True
trust management,-0.9419006832521495,-0.9797880207049544,0.9150872630894635,-0.7,False
decision theory,-0.9782352012628256,-0.9926053734286419,0.8612291843776567,-0.6,False
utility function,-0.9321013526385978,-0.9965491742666995,0.8172225833875082,-0.6,False
dynamic adaptation,-0.9965257847958835,-0.9960561991619423,0.38020703105465836,-0.09999999999999998,False
physical properties,-0.9852231868806455,-0.9970421493714567,0.8694304145621843,-0.6,True
game theory,-0.965687185253997,-0.9546462903623367,0.9023853578036707,-0.7,True
source localization,-0.9781037657966597,-0.9861966970667981,0.34510176526478964,-0.09999999999999998,False
legal requirements,-0.8528749744219357,-1.0,0.931539730959644,-0.8,False
fast generation,-0.9867085337255058,-0.9955632240571851,0.8559783967595138,-0.6,False
secondary use,-0.8899324739103744,-0.9995070248952428,0.8587288093213983,-0.7,False
basic elements,-0.991665797977692,-0.9995070248952428,0.8598789818472772,-0.6,False
big number,-0.9101456554495229,-0.9995070248952428,0.9764464669700454,-0.8,False
pervasive games,-0.7724072612470403,-0.9990140497904856,0.03585537830674612,0.0,False
heterogeneous networks,-0.9392151278692259,-0.8664037466107961,0.06535980397059582,0.0,True
multicast protocols,-0.7787599754450583,-0.9990140497904856,0.03545531829774484,0.0,True
parametric estimation,-0.9010497237569061,-0.9965491742666995,0.5517327599139872,-0.4,False
correlation analysis,-0.864665996986439,-0.9866896721715553,0.6008401260189029,-0.5,False
analytical methods,-0.9556253139126067,-0.9965491742666995,0.5977896684502675,-0.4,False
communication technologies,-0.9328078743423905,-0.9921123983238846,0.8668300245036755,-0.7,True
business networks,-0.992347401380611,-0.997535124476214,0.9299394909236387,-0.7,False
general overview,-0.9842180105834907,-0.9995070248952428,0.9231884782717408,-0.7,False
effective methods,-0.9663031467691569,-0.9970421493714567,0.9011351702755412,-0.7,False
design automation,-0.9987672329219807,-0.9950702489524279,0.7270090513577037,-0.5,False
management commitment,-0.9939325531198637,-0.9995070248952428,0.8239235885382807,-0.6,False
design issues,-0.9496747043940724,-0.9847177717525265,0.9619442916437464,-0.8,False
criminal investigations,-0.4293606945540648,-0.9995070248952428,0.5498824823723558,-0.9,True
basic theory,-0.9539091003856979,-0.997535124476214,0.8703805570835625,-0.7,False
knowledge transfer,-0.9934084147896303,-0.97880207049544,0.8883832574886235,-0.7,False
home environments,-0.936553199073249,-0.9980280995809712,0.7491623743561535,-0.6,False
clustering techniques,-0.9580704568407296,-0.9896475228000986,0.16112416862529377,0.0,True
matrix multiplication,-0.46026579065253104,-0.9886615725905842,-0.04025603840576086,-0.30000000000000004,True
time synchronization,-0.979784219245356,-0.9891545476953414,0.37600640096014404,-0.19999999999999996,True
service composition,-0.890732276057607,-0.9792950456001972,0.7769665449817473,-0.7,False
user mobility,-0.9977918846730819,-0.9955632240571851,0.6957543631544731,-0.5,False
conceptual tools,-0.9847024726021194,-0.9995070248952428,0.48307246086913036,-0.30000000000000004,False
optimal designs,-0.989987722529159,-0.990633473009613,0.5776866529979496,-0.4,False
proxy signatures,-0.9626221844453888,-0.9995070248952428,0.25523828574286145,-0.09999999999999998,False
optimal allocation,-0.9566359729895642,-0.9758442198668967,0.424313647047057,-0.30000000000000004,False
core topics,-0.9860590703277531,-1.0,0.8772315847377108,-0.7,False
semiconductor devices,-0.6675874769797423,-0.9901404979048558,0.5480822123318498,-0.7,True
multiple access,-0.9789197731254058,-0.9541533152575795,0.9230384557683651,-0.8,False
social communities,-0.9912956342758098,-0.997535124476214,0.8771815772365854,-0.7,False
digital library,-0.9787045435804403,-0.9935913236381563,0.9582937440616093,-0.8,False
daily living,-0.8471738206544837,-0.9940842987429135,0.9251887783167476,-0.9,False
high-speed downlink,-0.9177255985267035,-0.9995070248952428,1.0,-0.9,False
mobile networks,-0.9753764798737175,-0.9497165393147646,0.9067860179026854,-0.8,True
financial engineering,-0.9497945884686216,-0.9965491742666995,0.9272390858628794,-0.8,False
statistical data,-0.9218532903014058,-0.9955632240571851,0.7969195379306897,-0.7,True
wireless internet,-0.9645884582812437,-0.9970421493714567,0.9408911336700505,-0.8,False
hierarchical models,-0.9810939226519337,-0.9930983485333991,0.25113767065059767,-0.09999999999999998,False
statistical modeling,-0.9218532903014058,-0.9817599211239832,0.5803870580587087,-0.5,True
spatial knowledge,-0.9613479199443855,-0.9990140497904856,0.6357453618042708,-0.5,False
digital libraries,-0.9563041147851901,-0.9112644811437023,0.8409761464219632,-0.8,False
execution times,-0.936553199073249,-0.9995070248952428,0.8090713607041056,-0.7,True
balance control,-0.9141004083593562,-0.9990140497904856,0.8852827924188629,-0.8,False
school education,-0.8105235464351487,-0.997535124476214,0.9797469620443067,-1.0,False
video transmission,-0.9790339616509587,-0.9847177717525265,0.8340751112666898,-0.7,True
comparative study,-0.5870832539531339,-0.9137293566674883,0.6698504775716358,-1.0,False
digital investigations,-0.9936381627772739,-0.9935913236381563,0.6508476271440717,-0.5,False
programmable logic,-0.7656808579785506,-0.9960561991619423,0.22218332749912473,-0.30000000000000004,False
surveillance systems,-0.7282270215971873,-0.9960561991619423,0.6831524728709306,-0.8,True
distance education,-0.8833929151771206,-0.9817599211239832,0.9195879381907286,-0.9,False
critical issues,-0.9332709055154977,-0.997535124476214,0.8850327549132371,-0.8,False
continuity planning,-0.7656808579785506,-0.9995070248952428,0.5185777866680004,-0.6,False
clustering algorithms,-0.9150359413057685,-0.9871826472763126,-0.044556683502525396,0.10000000000000009,True
group communication,-0.980040709508578,-0.9950702489524279,0.9281892283842577,-0.8,False
energy efficiency,-0.7449635359116022,-0.9078136554104018,0.8009701455218283,-1.0,False
convex hull,-0.22289748311847746,-0.9945772738476707,-0.3349502425363804,-0.30000000000000004,False
structural equation,-0.8899324739103744,-0.9995070248952428,0.530329549432415,-0.5,False
sparse reconstruction,-0.9321013526385978,-0.9891545476953414,-0.34470170525578836,0.3999999999999999,False
effective framework,-0.9924045159740572,-0.9995070248952428,0.8238235735360304,-0.7,False
organizational systems,-0.7702082447938802,-1.0,0.7010051507726158,-0.8,False
mobile stations,-0.9953875295974743,-0.9995070248952428,0.822523378506776,-0.7,False
exact inference,-0.7787599754450583,-0.9965491742666995,0.10281542231334684,-0.19999999999999996,False
increasing numbers,-0.9712377339820236,-1.0,0.7983197479621944,-0.7,False
information fusion,-0.9959140385952089,-0.9842247966477693,0.7071060659098864,-0.6,False
legal issues,-0.9269899733988132,-0.9930983485333991,0.9468920338050706,-0.9,False
manufacturing systems,-0.8833929151771206,-0.9768301700764112,0.8850327549132371,-0.9,False
key concepts,-0.9828021829942056,-0.9985210746857284,0.804970745611842,-0.7,False
parameter estimation,-0.7656808579785506,-0.8925314271629283,0.3815572335850379,-0.6,False
wireless communication,-0.9938016695568013,-0.9738723194478679,0.8904335650347552,-0.8,True
conceptual design,-0.886287473960692,-0.9857037219620409,0.49087363104465664,-0.5,False
stock markets,-0.87603591160221,-0.9926053734286419,0.8831824773716057,-0.9,True
online marketplaces,-0.9933786983510741,-0.9950702489524279,0.9960494074111115,-0.9,True
body motion,-0.8816360188010225,-0.9995070248952428,0.8780317047557133,-0.9,False
financial markets,-0.8984842045615526,-0.9832388464382549,0.8785817872680903,-0.9,True
quality control,-0.9863909652258693,-0.9807739709144688,0.9638445766865031,-0.9,True
digital government,-0.9787045435804403,-0.9950702489524279,0.964194629194379,-0.9,False
competitive advantage,-0.7509668508287293,-0.9861966970667981,0.7270590588588288,-0.9,True
temporal reasoning,-0.9830769996515852,-0.9926053734286419,0.06550982647397108,0.0,False
body area,-0.9712377339820236,-1.0,0.9589438415762366,-0.9,False
integrated circuit,-0.965687185253997,-0.9990140497904856,0.7476621493223985,-0.7,True
higher education,-0.9597028005334349,-0.8974611782105004,0.9391908786317948,-1.0,False
educational settings,-0.9576026903675234,-0.9965491742666995,0.8297244586688004,-0.8,False
word segmentation,-0.8899324739103744,-0.997535124476214,0.16267440116017418,-0.19999999999999996,False
large numbers,-0.9538685889075948,-0.9886615725905842,0.9147372105815872,-0.9,False
developing countries,-0.8264053319301938,-0.95760414099088,0.856028404260639,-1.0,True
new technologies,-0.9777243644510262,-0.9817599211239832,0.9283392508876331,-0.9,False
empirical analysis,-0.9622485651450947,-0.9802809958097116,0.5109766464969745,-0.5,False
first edition,-0.9962361038297644,-0.9985210746857284,0.9599939990998649,-0.9,False
new aspects,-0.9997296424977692,-0.997535124476214,0.8588288243236484,-0.8,False
practical issues,-0.9888282547537539,-0.9930983485333991,0.8374256138420764,-0.8,False
tactile sensors,-0.8899324739103744,-0.9980280995809712,0.640296044406661,-0.7,False
finite field,-0.9455187231430325,-0.9965491742666995,0.5898384757713657,-0.6,False
mobile communications,-0.9925288082083662,-0.9723933941335963,0.9114367155073262,-0.9,True
electronic systems,-0.9939067530505982,-0.9965491742666995,0.9316897534630197,-0.9,True
patient monitoring,-0.8676979742173112,-0.9980280995809712,0.80592088813322,-0.9,False
home appliances,-0.9042773124220281,-0.9985210746857284,0.837625643846577,-0.9,True
older adults,-0.8009944751381215,-0.9502095144195218,0.7859678951842777,-1.0,False
financial services,-0.9497945884686216,-0.9950702489524279,0.9692453868080213,-1.0,True
different approaches,-0.9595882717039957,-0.988168597485827,0.7717157573636044,-0.8,False
robust estimation,-0.863097732901505,-0.9719004190288391,0.15707356103415515,-0.30000000000000004,False
social impact,-0.9912956342758098,-0.9970421493714567,0.9053858078711807,-0.9,True
intellectual capital,-0.8471738206544837,-0.9940842987429135,0.7549132369855478,-0.9,False
comparative analysis,-0.7250904934273195,-0.9265467093911758,0.6639495924388661,-1.0,False
public health,-0.9868113654301499,-0.9921123983238846,0.986147922188328,-1.0,True
statistical methods,-0.9812920518571194,-0.9723933941335963,0.7579136870530581,-0.8,True
reliable wireless,-0.9712377339820236,-1.0,0.7713156973546031,-0.8,False
knowledge communication,-0.9934084147896303,-0.9990140497904856,0.8923838575786369,-0.9,False
fundamental concepts,-0.9150359413057685,-0.9970421493714567,0.6119917987698154,-0.7,False
mobile terminals,-0.9868113654301499,-0.9926053734286419,0.47737160574086124,-0.5,False
heterogeneous data,-0.9392151278692259,-0.9896475228000986,0.12541881282192335,-0.19999999999999996,False
management science,-0.97958771460821,-0.9921123983238846,0.9678451767765164,-1.0,False
senior citizens,-0.7787599754450583,-0.997535124476214,0.7719157873681051,-1.0,True
human behavior,-0.9689328667104866,-0.9876756223810698,0.8521278191728758,-0.9,False
market research,-0.9744235727440147,-0.9980280995809712,0.9669950492573887,-1.0,True
energy constraints,-0.985096132596685,-0.9940842987429135,0.6691503725558834,-0.7,False
order statistics,-0.967472956033242,-0.9768301700764112,0.9334900235035255,-1.0,False
medical research,-0.9788704726826274,-0.9980280995809712,0.9654448167225085,-1.0,True
small area,-0.9908428955942769,-1.0,0.9699454918237738,-1.0,False
partitioning techniques,-0.936553199073249,-1.0,-0.08481272190828626,0.0,False
future trends,-0.9671879389455942,-0.9753512447621395,0.8183727559133871,-0.9,False
population density,-0.7656808579785506,-0.997535124476214,0.7389608441266189,-1.0,False
one step,-0.992347401380611,-0.9970421493714567,0.9513427014052109,-1.0,False
selfish behavior,-0.20066298342541433,-1.0,-0.03800570085512833,-0.8,False
modern society,-0.94652938221999,-1.0,0.8923338500775115,-1.0,False
business partners,-0.9835898303855314,-0.9995070248952428,0.9274391158673803,-1.0,True
innovation processes,-0.8581689029202841,-0.9985210746857284,0.7007051057658649,-0.9,False
knowledge creation,-0.9934084147896303,-0.990633473009613,0.8197229584437666,-0.9,False
human capital,-0.9946705512426498,-0.9935913236381563,0.9178876831524727,-1.0,False
innovative technology,-0.9566359729895642,-0.9990140497904856,0.7841676251437715,-0.9,False
normal distribution,-0.9497945884686216,-0.997535124476214,0.8662299344901736,-1.0,True
new generation,-0.9887270034743977,-0.9970421493714567,0.8972345851877783,-1.0,False
basic properties,-0.991665797977692,-0.9930983485333991,0.885632844926739,-1.0,False
recent developments,-0.9047951073950424,-0.9585900912003944,0.753713056958544,-1.0,False
channel assignment,-0.9395325116872079,-0.9827458713334977,0.7088063209481421,-0.9,False
automatic control,-0.9695085780750218,-0.9926053734286419,0.8441766264939741,-1.0,False
electronic voting,-0.8787352438491196,-0.9965491742666995,0.7549132369855478,-1.0,False
lattice theory,-0.6675874769797423,-0.997535124476214,0.24168625293794066,-0.7,False
business continuity,-0.9835898303855314,-0.9980280995809712,0.5533830074511177,-0.7,False
biomedical imaging,-0.7787599754450583,-0.9980280995809712,0.2464869730459569,-0.6,False
cultural heritage,-0.8957836580401279,-0.9832388464382549,0.7467120068010202,-1.0,True
biological cells,-0.959415285451197,-0.9990140497904856,0.7232084812721911,-0.9,False
biological processes,-0.959415285451197,-0.9980280995809712,0.7137570635595338,-0.9,False
two phases,-0.9900000613192217,-0.9985210746857284,0.5427314097114566,-0.7,False
statistical perspective,-0.9812920518571194,-1.0,0.6287943191478722,-0.8,False
spatial concepts,-0.9878526215652556,-0.9985210746857284,0.5139270890633596,-0.7,False
projective geometry,-0.8191863385233551,-0.9980280995809712,0.6323948592288844,-1.0,False
probability measures,-0.9344014732965009,-0.9940842987429135,0.6436465469820472,-0.9,False
uniform distribution,-0.9010497237569061,-0.997535124476214,0.7030554583187478,-1.0,True
probability theory,-0.8676979742173112,-0.9955632240571851,0.6626493974096115,-1.0,True
probability distributions,-0.6675874769797423,-0.9842247966477693,0.35085262789418414,-0.9,True
clinical trials,-0.9101456554495229,-0.981266946019226,0.6817522628394259,-1.0,True
real-time synchronization,-0.9905728409421344,-0.9995070248952428,0.3784567685152773,-0.6,False
collaborative approach,-0.949352257572871,-0.9985210746857284,0.6299444916737509,-0.9,False
learning difficulties,-0.9938282270215972,-0.9985210746857284,0.6678001700255038,-0.9,False
human ear,-0.9946705512426498,-0.9980280995809712,0.7463619542931439,-1.0,False
new roles,-0.9997296424977692,-0.9995070248952428,0.7474621193178976,-1.0,False
social perspectives,-0.9912956342758098,-0.997535124476214,0.6368955343301494,-0.9,False
seamless connectivity,-0.9269899733988132,-0.9995070248952428,0.07106065909886472,-0.4,False
linear regression,-0.9884397510315407,-0.9768301700764112,0.402360354053108,-0.7,True
space exploration,-0.9449992254866526,-0.997535124476214,0.6765014752212832,-1.0,False
metric space,-0.9385704419889502,-0.9990140497904856,0.5682352352852929,-0.9,False
sensory input,-0.6675874769797423,-1.0,0.2865929889483423,-0.9,False
discovering communities,-0.7342909760589318,-0.9995070248952428,0.25203780567085077,-0.8,False
cognitive aspects,-0.9919255917684626,-0.9985210746857284,0.5018752812921938,-0.8,False
correlation coefficient,-0.6827473631341034,-0.9960561991619423,0.09016352452867937,-0.7,False
convex polygons,-0.7787599754450583,-0.9896475228000986,0.07636145421813278,-0.6,True
data warehouses,-0.9785643656780921,-0.9763371949716539,-0.00200030004500662,-0.4,True
stochastic processes,-0.9344014732965009,-0.9842247966477693,0.14857228584287618,-0.6,True
nonlinear equations,-0.9042773124220281,-0.9605619916194232,0.07601140171025667,-0.6,True
forensic investigation,-0.8957836580401279,-0.9926053734286419,0.27874181127169084,-0.8,True
statistical estimation,-0.9812920518571194,-0.9886615725905842,0.35515327299094857,-0.8,False
integer multiplication,-0.9556253139126067,-0.9985210746857284,-0.16462469370405552,-0.30000000000000004,True
global warming,-0.9905171153789938,-0.997535124476214,0.5542331349702456,-1.0,True
qualitative analysis,-0.8720014257708073,-0.9926053734286419,0.4088613291993799,-1.0,True
cognitive disabilities,-0.9919255917684626,-0.9960561991619423,0.4265139770965647,-0.9,False
ant colonies,-0.7152328334648776,-0.9980280995809712,-0.15072260839125862,-0.8,False
statistical inference,-0.9614791313385482,-0.9723933941335963,0.0763114467170074,-0.9,True
strategic alliances,-0.9566359729895642,-0.9980280995809712,0.18347752162824427,-1.0,False
collision avoidance,-0.700939226519337,-0.9719004190288391,-0.3630544581687253,-0.8,True
cognitive impairment,-0.9827462111612347,-0.9970421493714567,0.09186377956693503,-1.0,True
