phrase,concordance_score,frequency,uniqueness,wiki_score,popularity,purity,suggested_query_score,computer science,python,machine learning,artificial intelligence,ai,deep learning,algorithm,algorithms,code,architecture,api,software,framework,computer security,computer system,computer systems,label
congruential generator,1.0,-0.9995070248952428,0.7469120368055209,0.8,-0.999811531232331,0.9999998860010644,-0.7222222222222222,0,0,0,0,0,0,1,0,0,0,0,0,0,0,0,0,True
human-robot interaction,0.714127861089187,-0.9778161202859256,0.8126218932839926,0.8,-0.9962790152761577,0.9999998860010644,-0.7222222222222222,0,0,0,0,0,0,0,0,0,0,0,0,0,0,0,0,True
role-based access,0.4542440984429936,-0.997535124476214,0.9838475771365705,0.8999999999999999,-0.9977536560394052,0.9999998860010644,-0.7222222222222222,0,0,0,0,0,0,0,0,0,0,0,0,0,0,0,0,True
socket layer,1.0,-0.9990140497904856,0.5975396309446417,0.7,-0.9988513592673149,0.9999998860010644,-0.5277777777777778,0,0,0,0,0,0,0,0,0,0,0,0,0,0,0,0,True
dimensionality reduction,0.599779005524862,-0.950702489524279,0.8625293794069111,0.5,-0.9913864679424814,0.9999998553228706,0.6666666666666665,0,1,1,0,0,0,1,1,0,0,0,0,0,0,0,0,True
botnet detection,0.3329650092081029,-0.9970421493714567,0.797069560434065,0.8,-0.9996103280884683,0.9999998860010644,0.5277777777777777,0,0,1,0,0,0,0,0,0,0,0,1,0,0,0,0,True
machine learning,-0.3865924218036282,-0.755484348040424,0.9089363404510675,1.0,0.09079864913737334,0.9999999112470792,0.22222222222222232,0,1,0,0,1,0,1,1,0,0,0,0,0,0,0,0,True
reinforcement learning,0.599779005524862,-0.8876016761153562,0.12171825773866085,0.8,-0.9757053570973773,0.9999999400667958,-0.08333333333333337,0,1,0,0,0,0,1,1,0,0,0,0,0,0,0,0,True
multiagent systems,0.07641308967275817,-0.9625338920384521,0.9843976596489472,0.5,-0.9957441714760161,0.999999884705217,-0.33333333333333337,0,0,0,0,0,0,0,0,0,0,0,0,0,0,0,0,True
operating systems,-0.3007182320441989,-0.9857037219620409,0.9209381407211081,0.8999999999999999,-0.8443400791568825,0.9999998860010644,-0.7222222222222222,0,0,0,0,0,0,0,0,0,0,0,0,0,0,0,0,True
unsupervised learning,-0.33406998158379375,-0.9728863692383535,0.966544981747262,0.8,-0.9886383895598491,0.9999998822038332,-0.08333333333333337,0,1,0,0,0,0,0,0,0,0,0,0,0,0,0,0,True
triangular mesh,-0.0005524861878453136,-0.9995070248952428,0.8379756963544533,0.6000000000000001,-0.9993429061883975,0.9999998860010644,-0.33333333333333337,0,1,0,0,0,0,0,0,0,0,0,0,0,0,0,0,True
signal processing,-0.27730104619724916,-0.9511954646290363,0.8066209931489723,0.8,-0.7386091004946032,0.9999998860010644,-0.08333333333333337,0,1,0,0,0,0,1,1,0,0,0,0,0,0,0,0,True
multi-agent systems,-0.7456447631362407,-0.8634458959822529,0.9843976596489472,1.0,-0.9909356710252192,0.9999998642647372,-0.27083333333333337,0,0,1,0,0,0,0,0,0,0,0,0,0,0,0,0,True
artificial intelligence,-0.383116672083198,-0.837811190534878,0.5777866680002,1.0,-0.06670520937861324,0.9999998860010644,-0.36111111111111116,0,0,1,0,0,0,0,0,0,0,0,0,0,0,0,0,True
triangular meshes,-0.6675874769797423,-0.9955632240571851,1.0,1.0,-0.9994447811979482,0.9999998860010644,-0.8611111111111112,0,0,0,0,0,0,0,0,0,0,0,0,0,0,0,0,True
access control,-0.2982078853046596,-0.9383781119053488,0.9672450867630145,0.6000000000000001,-0.9421935727056474,0.9999998654270206,-0.5833333333333334,0,0,0,0,0,0,0,0,0,0,0,1,0,0,0,0,True
software development,-0.7598369969828769,-0.950702489524279,0.981347202080312,1.0,-0.678288907339585,0.9999998895681914,-0.7222222222222222,0,0,0,0,0,0,0,0,0,0,0,0,0,0,0,0,True
satisfiability problems,-0.33406998158379375,-0.9985210746857284,0.9676951542731409,0.6000000000000001,-0.9992690468064731,0.9999998860010644,-0.36111111111111116,0,0,0,0,0,0,1,1,0,0,0,0,0,0,0,0,True
pseudo-random number,-0.33406998158379375,-1.0,0.9928989348402262,0.5,-0.9981076716975942,0.9999998860010644,-0.33333333333333337,0,1,0,0,0,0,1,0,0,0,0,0,0,0,0,0,True
supervised learning,-0.0005524861878453136,-0.990633473009613,0.2931939790968645,0.8,-0.9659864811862326,0.9999998860010644,-0.4722222222222222,0,0,0,0,0,0,1,1,0,0,0,0,0,0,0,0,True
source code,-0.6215850638216804,-0.9861966970667981,0.9657948692303846,0.7,-0.8915897085865352,0.9999998511778891,-0.7222222222222222,0,0,0,0,1,0,0,0,0,0,0,0,0,0,0,0,True
face recognition,-0.5341804788213629,-0.7890066551639142,0.7801170175526329,0.6000000000000001,-0.985454795511387,0.9999998860010644,-0.19444444444444453,0,1,0,0,0,0,0,0,0,0,0,1,0,0,0,0,True
deep learning,-0.8899324739103744,-0.7609070741927533,0.8894334150122518,0.8,-0.802280981463842,0.9999998860010644,0.5833333333333333,0,1,1,0,1,0,1,1,0,0,0,0,0,0,0,0,True
training data,-0.6721562097933853,-0.9901404979048558,0.9717957693654049,0.7,-0.9351540095456884,0.9999998860010644,-0.22222222222222232,0,0,1,0,0,0,0,0,0,0,0,0,0,0,0,0,True
software security,-0.9798166216057365,-0.9965491742666995,0.9775466319947992,1.0,-0.9948553120176855,0.9999998860010644,-0.7222222222222222,0,0,0,0,0,0,0,0,0,0,0,0,0,0,0,0,True
software requirements,-0.9869127385290545,-0.9926053734286419,0.9512426864029604,1.0,-0.9817363576627836,0.9999998829920684,-0.7222222222222222,0,0,0,0,0,0,0,0,0,0,0,0,0,0,0,0,True
language model,-0.9894706411409482,-0.9995070248952428,0.9481922288343252,1.0,-0.9965158746733632,0.9999998860010644,-0.33333333333333337,0,1,0,0,0,0,0,0,0,0,0,0,0,0,0,0,True
image processing,-0.8468615870810127,-0.9053487798866158,0.9069860479071861,0.8,-0.8207127175668173,0.9999998672972623,0.05555555555555558,0,1,1,0,0,0,1,1,0,0,0,1,0,0,0,0,True
public key,-0.7152328334648776,-0.9965491742666995,0.9635445316797522,0.7,-0.9736933256587493,0.9999998619111043,-0.7222222222222222,0,0,0,0,0,0,0,0,0,0,0,0,0,0,0,0,True
text summarization,-0.959415285451197,-0.9985210746857284,0.9825973896084415,0.8999999999999999,-0.9984897029834097,0.9999998737886104,1.0,0,1,0,0,1,1,0,0,1,0,1,0,0,0,0,0,True
polynomial time,-0.17306153553057724,-0.9802809958097116,0.24933740061009146,0.8,-0.9773786541292488,0.9999998860010644,-0.7222222222222222,0,0,0,0,0,0,1,0,0,0,0,0,0,0,0,0,True
software engineering,-0.8307981662160574,-0.9260537342864186,0.9459418912836925,0.7,-0.4805724356786658,0.9999998860010644,-0.7222222222222222,0,0,0,0,1,0,0,0,0,0,0,0,0,0,0,0,True
enterprise applications,-0.9115032571946895,-0.9970421493714567,0.8867830174526179,0.8999999999999999,-0.9909025616471152,0.9999998860010644,-0.7222222222222222,0,0,0,0,0,0,0,0,0,0,0,0,0,0,0,0,True
reconfigurable computing,-0.8343462246777165,-0.9891545476953414,0.8890333550032505,0.8,-0.9983292498433671,0.9999998860010644,-0.38888888888888884,0,0,0,0,0,0,0,0,0,1,0,1,0,0,0,0,True
computer graphics,-0.8553049743883907,-0.9926053734286419,0.9089863479521929,0.8,-0.898962912402773,0.9999998854661163,-0.7222222222222222,0,0,0,0,0,0,0,0,0,0,0,0,0,0,0,0,True
application development,-0.9126583437624004,-0.9955632240571851,0.9634945241786268,0.8,-0.9175627422715071,0.9999998860010644,-0.36111111111111116,0,0,0,0,0,0,0,0,0,0,0,1,1,0,0,0,True
software testing,-0.9821819939135091,-0.9837318215430121,0.9199379906986049,0.8999999999999999,-0.9554296833215328,0.9999999262076296,-0.7222222222222222,0,0,0,0,0,0,0,0,0,0,0,0,0,0,0,0,True
software package,-0.9963742277601453,-0.9995070248952428,0.9409911486723008,0.8999999999999999,-0.9800605137556732,0.9999999019713028,-0.7222222222222222,0,0,0,0,0,0,0,0,0,0,0,0,0,0,0,0,True
combinatorial optimization,-0.5842081031307551,-0.9664776928765098,0.7832174826223934,0.6000000000000001,-0.9903498897203021,0.9999998827055634,0.7777777777777779,0,1,0,0,0,0,1,1,0,0,0,0,0,0,0,0,True
user interfaces,-0.9182777798104717,-0.9778161202859256,0.72435865379807,1.0,-0.9648123717011599,0.9999998860010644,-0.33333333333333337,0,1,0,0,0,0,0,0,0,0,0,0,0,0,0,0,True
functional programming,-0.9247269199949391,-0.9842247966477693,0.8203230484572686,0.8999999999999999,-0.9879227176177547,0.9999998619896513,-0.33333333333333337,0,1,0,0,0,0,0,0,0,0,0,0,0,0,0,0,True
training samples,-0.836630591084538,-0.9965491742666995,0.8440266039905986,0.8,-0.9965005934219306,0.9999998860010644,-0.41666666666666663,0,0,1,0,0,0,0,0,0,0,0,0,0,0,0,0,True
high-dimensional data,-0.7152328334648776,-0.9709144688193246,0.9934990248537281,0.5,-0.9947661713843285,0.9999998560858465,-0.7222222222222222,0,0,0,0,0,0,0,0,0,0,0,0,0,0,0,0,True
parallel computing,-0.9360871212876718,-0.9645057924574809,0.6920538080712106,1.0,-0.9779695291846433,0.9999999014944865,-0.33333333333333337,0,1,0,0,0,0,0,0,0,0,0,0,0,0,0,0,True
software tools,-0.9916434831445998,-0.9921123983238846,0.972445866880032,0.8,-0.9698449971729685,0.9999998493017648,-0.7222222222222222,0,0,0,0,0,0,0,0,0,0,0,0,0,0,0,0,True
embedded systems,-0.573387879043482,-0.9556322405718511,0.7166074911236686,0.6000000000000001,-0.9270320244092523,0.9999998705733861,-0.7222222222222222,0,0,0,0,0,0,0,0,0,0,0,0,0,0,0,0,True
search algorithm,-0.9095050968796202,-0.9955632240571851,0.7855678351752764,0.8999999999999999,-0.9809366388378099,0.9999999169401574,-0.33333333333333337,0,0,0,0,0,0,0,0,0,0,0,0,0,0,0,0,True
logic programming,-0.5370806309552407,-0.9462657135814642,0.7581137170575587,0.5,-0.9926879211894926,0.9999998896820326,-0.33333333333333337,0,1,0,0,0,0,0,0,0,0,0,0,0,0,0,0,True
stereo vision,-0.841926167754897,-0.9861966970667981,0.7007051057658651,0.8999999999999999,-0.9978427966727622,0.9999998860010644,-0.4722222222222222,0,0,0,0,0,0,1,1,0,0,0,0,0,0,0,0,True
generative model,-0.7152328334648776,-0.9980280995809712,0.9762464369655446,0.5,-0.9974836872640956,0.9999998839166357,-0.7222222222222222,0,0,0,0,0,0,0,0,0,0,0,0,0,0,0,0,True
computer vision,-0.8990449737845807,-0.938871087010106,0.8901835275291294,0.7,-0.7859376830566578,0.9999998629329037,-0.4722222222222222,0,0,0,0,0,0,1,1,0,0,0,0,0,0,0,0,True
grid computing,-0.8086910327241819,-0.9635198422479665,0.7007551132669902,0.8,-0.9921556242645898,0.9999998860010644,-0.38888888888888884,0,0,0,0,0,0,0,0,0,1,0,1,0,0,0,0,True
speech recognition,-0.6008839779005526,-0.9733793443431107,0.7009051357703655,0.6000000000000001,-0.9753131383106067,0.9999998860010644,0.11111111111111116,0,1,0,0,0,0,0,0,0,0,0,1,0,0,0,0,True
computing systems,-0.7619290792630582,-0.9857037219620409,0.873431014652198,0.6000000000000001,-0.9443762447852729,0.9999999349148938,-0.7222222222222222,0,0,0,0,0,0,0,0,0,0,0,0,0,0,0,0,True
data structures,-0.9347354082105395,-0.9822528962287405,0.8421263189478423,0.8,-0.8437492041014879,0.9999998767508935,0.8055555555555556,0,1,0,0,0,0,1,1,0,0,0,0,0,0,0,0,True
shared memory,-0.6372677046710196,-0.9876756223810698,0.8441766264939738,0.5,-0.991765952353058,0.9999998841540059,-0.13888888888888884,0,1,0,0,0,0,0,0,0,1,0,0,0,0,0,0,True
information security,-0.9128590981075019,-0.9536603401528223,0.9826974046106915,0.6000000000000001,-0.8078127944824495,0.9999999067031358,-0.7222222222222222,0,0,0,0,0,0,0,0,0,0,0,0,0,0,0,0,True
file systems,-0.7618424213307711,-0.9940842987429135,0.9703955593339002,0.5,-0.9931565462334262,0.9999998604290978,-0.75,0,0,0,0,1,0,0,0,0,0,0,0,0,0,0,0,True
internet security,-0.9647212456052235,-0.9955632240571851,0.9727459118867829,0.7,-0.9888268583275179,0.9999998860010644,-0.5833333333333334,0,0,0,0,0,0,0,0,0,0,0,1,0,0,0,0,True
markup languages,0.1995580110497237,-1.0,0.29034355153272995,0.19999999999999996,-0.9980949373214004,0.9999998860010644,-0.7222222222222222,0,0,0,0,0,0,0,0,0,0,0,0,0,0,0,0,True
database systems,-0.7921542523685904,-0.9689425684002958,0.9460419062859429,0.5,-0.9621865433299884,0.9999999217401565,-0.7222222222222222,0,0,0,0,0,0,0,0,0,0,0,0,0,0,0,0,True
micropayment systems,-0.0005524861878453136,-0.9995070248952428,0.9843976596489472,-0.30000000000000004,-0.9999643437466572,0.9999998731854962,-0.7777777777777778,0,0,0,0,0,0,0,0,0,0,0,0,0,0,0,0,True
fitness function,-0.20066298342541433,-0.9995070248952428,0.8839825973896083,0.0,-0.9965158746733632,0.9999998860010644,-0.08333333333333337,0,0,0,0,1,0,1,0,0,0,0,1,0,0,0,0,True
dynamic programming,-0.964471471737234,-0.9349272861720483,0.7817172575886384,0.8,-0.9662488093358259,0.999999924025277,-0.33333333333333337,0,1,0,0,1,0,1,0,1,0,0,0,0,0,0,0,True
feature extraction,-0.6271611139014455,-0.9157012570865172,0.506976046406961,0.7,-0.9570316678467189,0.9999999138062483,0.0277777777777779,0,1,1,0,0,1,0,0,0,0,0,0,0,0,0,0,True
web services,-0.6627257059098304,-0.8693615972393394,0.9918987848177228,0.19999999999999996,-0.8787509105078979,0.9999998873100604,-0.38888888888888884,0,0,0,0,0,0,0,0,0,0,1,0,0,0,0,0,True
image annotation,-0.9889278630103213,-0.9886615725905842,0.8274241136170424,0.8,-0.9988386248911211,0.9999998860010644,-0.3055555555555556,0,0,0,0,0,0,0,0,0,0,0,1,0,0,0,0,True
cryptographic protocols,-0.861492997558782,-0.990633473009613,0.6985547832174825,0.8,-0.9979675935594619,0.9999995399776145,-0.7222222222222222,0,0,0,0,0,0,0,0,0,0,0,0,0,0,0,0,True
concurrent programs,-0.8135013812154697,-0.9876756223810698,0.4411661749262388,1.0,-0.9985431873634238,0.9999998860010644,-0.7777777777777778,0,0,0,0,0,0,0,0,0,0,0,0,0,0,0,0,True
optimization techniques,-0.859091071110319,-0.9847177717525265,0.6826023903585539,0.8,-0.9893744365038534,0.9999998860010644,0.0277777777777779,0,0,1,0,0,0,0,0,0,0,0,0,0,0,0,0,True
distributed computing,-0.9261972996129643,-0.9837318215430121,0.7481122168325247,0.8,-0.9412512288673027,0.9999998860010644,-0.7222222222222222,0,0,0,0,0,0,0,0,0,0,0,0,0,0,0,0,True
machine intelligence,-0.8908078479140383,-0.9970421493714567,0.8161224183627545,0.7,-0.9723434817822014,0.9999998860010644,-0.36111111111111116,0,0,1,0,0,0,0,0,0,0,0,0,0,0,0,0,True
computer science,-0.6912799766526785,-0.9438008380576781,0.9624943741561234,0.30000000000000004,1.0,0.9999998860010644,-0.7222222222222222,0,0,0,0,0,0,0,0,0,0,0,0,0,0,0,0,True
virtual machine,-0.9436569827381109,-0.9926053734286419,0.8607791168675301,0.7,-0.9784381542285769,0.9999998906771879,-0.5833333333333334,0,0,0,0,0,0,0,0,0,0,0,1,0,0,0,0,True
software systems,-0.8710094954481931,-0.9857037219620409,0.9768465269790472,0.5,-0.9498443859229112,0.9999998820007192,-0.5277777777777778,0,0,0,0,0,0,0,0,0,1,0,0,0,0,0,0,True
mobile applications,-0.966800315706393,-0.950702489524279,0.9330899634945242,0.6000000000000001,-0.9526561361865128,0.9999998860010644,-0.7222222222222222,0,0,0,0,0,0,0,0,0,0,0,0,0,0,0,0,True
game development,-0.965687185253997,-0.9995070248952428,0.9736960544081612,0.6000000000000001,-0.9314050091942196,0.999999884571307,-0.5833333333333334,0,0,0,0,0,0,0,0,0,0,0,1,0,0,0,0,True
parallel programs,-0.8927418872289926,-0.9783090953906828,0.7758663799569936,0.7,-0.9976415935288994,0.9999998860010644,-0.33333333333333337,0,1,0,0,0,0,0,0,0,0,0,0,0,0,0,0,True
virtual environment,-0.881421660630733,-0.9930983485333991,0.8791318697804671,0.6000000000000001,-0.9927032024409252,0.9999998881325518,0.4444444444444444,0,1,0,0,0,0,0,0,0,0,0,0,0,0,0,0,True
log files,-0.737801686536784,-0.9985210746857284,0.9332899934990249,0.3999999999999999,-0.99592245274273,0.9999998848280542,-0.75,0,1,0,0,0,0,0,0,0,0,0,0,0,0,0,0,True
cellular automata,-0.7218810227418733,-0.9028839043628297,0.8150722608391261,0.3999999999999999,-0.9957645464779262,0.9999998860010644,-0.33333333333333337,0,1,0,0,0,0,0,0,0,0,0,0,0,0,0,0,True
private key,-0.965370955011839,-0.9995070248952428,0.9517927689153374,0.6000000000000001,-0.9948272963900591,0.999999919807631,-0.7222222222222222,0,0,0,0,0,0,0,0,0,0,0,0,0,0,0,0,True
image classifiers,-0.9970459359205674,-0.9995070248952428,0.9812471870780617,0.6000000000000001,-0.9998064374818535,0.9999998725893027,-0.9166666666666666,0,1,0,0,0,0,0,0,0,0,0,0,0,0,0,0,True
optimization technique,-0.9107324897522724,-0.9985210746857284,0.5909886482972446,0.8999999999999999,-0.9968444215791645,0.9999998860010644,0.0277777777777779,0,0,0,0,0,0,0,0,0,0,0,0,0,0,0,0,True
language processing,-0.8265900038545548,-0.9970421493714567,0.8976846526979045,0.5,-0.9203133675293782,0.9999998860010644,-0.7222222222222222,0,0,0,0,1,0,0,0,0,0,0,0,0,0,0,0,True
key management,-0.9095910254682658,-0.9871826472763126,0.9613942091313696,0.5,-0.9944070619756621,0.9999998860010644,-0.5833333333333334,0,0,0,0,0,0,0,0,0,0,0,1,0,0,0,0,True
encrypted data,-0.7342909760589318,-0.9792950456001972,0.3773566034905236,0.8999999999999999,-0.996829140327732,0.9999998900481222,-0.7222222222222222,0,0,0,0,0,0,0,0,0,0,0,0,0,0,0,0,True
block ciphers,-0.965370955011839,-0.9901404979048558,0.9169375406310947,0.6000000000000001,-0.9986043123691543,0.9999998860010644,-0.75,0,0,0,0,1,0,0,0,0,0,0,0,0,0,0,0,True
computational cost,-0.799988894749993,-0.9995070248952428,0.5521328199229885,0.8,-0.9860787799448856,0.9999998860010644,-0.7222222222222222,0,0,0,0,0,0,0,0,0,0,0,0,0,0,0,0,True
hidden layers,-0.7702082447938802,-0.9995070248952428,0.5189278391758763,0.8,-0.9975320778936323,0.9999998860010644,-0.4444444444444444,0,0,0,0,1,0,0,0,0,0,0,0,0,0,0,0,True
data mining,-0.9071857778023634,-0.8358392901158491,0.7854678201730261,0.5,-1.0,0.9999998879782266,-0.5833333333333334,0,0,0,0,0,0,0,0,0,0,0,1,0,0,0,0,True
optimization algorithms,-0.9623739083942257,-0.9783090953906828,0.4769215382307346,1.0,-1.0,0.999999876913523,0.0277777777777779,0,1,1,0,0,1,0,0,0,0,0,0,0,0,0,0,True
memory access,-0.9341223791580943,-0.9995070248952428,0.9560934140121018,0.5,-1.0,0.9999999104886019,-0.7222222222222222,0,0,0,0,0,0,0,0,0,0,0,0,0,0,0,0,True
parallel computers,-0.9722081496699044,-0.9837318215430121,0.7690653598039705,0.7,-1.0,0.9999998860010644,0.08333333333333326,0,0,0,0,0,0,1,1,0,1,0,0,0,0,0,0,True
security architecture,-0.9849930160763695,-0.9950702489524279,0.8866830024503674,0.6000000000000001,-1.0,0.9999998868180191,-0.6111111111111112,0,0,0,0,0,0,0,0,0,0,0,0,1,0,0,0,True
distributed memory,-0.9315478476674447,-0.9945772738476707,0.8313246987048057,0.6000000000000001,-1.0,0.9999998860010644,-0.5277777777777778,0,0,0,0,0,0,0,0,0,1,0,0,0,0,0,0,True
knowledge representation,-0.8856566085847853,-0.9719004190288391,0.7614642196329451,0.6000000000000001,-1.0,0.9999998860010644,0.25,0,0,0,1,1,0,0,0,0,0,0,0,0,0,0,0,True
network topologies,-0.9867857954713923,-0.997535124476214,0.9845476821523229,0.5,-1.0,0.9999998860010644,-0.7777777777777778,0,0,0,0,1,0,0,0,0,0,0,0,0,0,0,0,True
spatiotemporal data,-0.5008287292817679,-0.9930983485333991,0.9934990248537281,0.0,-1.0,0.9999998860010644,-0.7222222222222222,0,0,0,0,0,0,0,0,0,0,0,0,0,0,0,0,True
parallel algorithms,-0.9433113269641183,-0.9580971160956372,0.49672450867630147,0.8999999999999999,-1.0,0.9999998860010644,-0.7222222222222222,0,0,0,0,0,0,0,0,0,0,0,0,0,0,0,0,True
constraint programming,-0.9545676474367211,-0.9748582696573823,0.4195629344401661,1.0,-1.0,0.9999998860010644,-0.33333333333333337,0,1,0,0,0,0,0,0,0,0,0,0,0,0,0,0,True
computer systems,-0.8990449737845807,-0.9871826472763126,0.96884532679902,0.3999999999999999,-1.0,0.9999998836200961,-0.7222222222222222,0,0,0,0,0,0,0,0,0,0,0,0,0,0,0,0,True
theorem proving,0.24958563535911593,-0.9921123983238846,0.024203630544581856,0.19999999999999996,-1.0,0.9999998860010644,0.14583333333333326,0,0,1,1,1,0,0,0,0,0,0,0,0,0,0,0,True
embedded devices,-0.9858293618995403,-0.9970421493714567,0.6457468620293043,0.8,-1.0,0.9999998860010644,-0.7222222222222222,0,0,0,0,0,0,0,0,0,0,0,0,0,0,0,0,True
virtual environments,-0.8479103333421449,-0.960069016514666,0.6691503725558834,0.6000000000000001,-1.0,0.9999998852567737,0.05555555555555558,0,1,0,0,0,0,0,0,0,0,0,0,0,0,0,0,True
reverse engineering,-0.6225175451694789,-0.9842247966477693,0.7627644146621992,0.30000000000000004,-1.0,0.9999998880630017,-0.5833333333333334,0,0,0,0,1,0,0,0,0,0,0,1,0,0,0,0,True
machine translation,-0.9853482403097403,-0.9758442198668967,0.8116217432614892,0.6000000000000001,-1.0,0.9999998860010644,-0.3055555555555556,0,0,0,0,0,1,0,0,0,0,0,1,0,0,0,0,True
computational resources,-0.9206585413254116,-0.9990140497904856,0.5602340351052659,0.8,-1.0,0.9999998850263239,-0.7222222222222222,0,0,0,0,0,0,0,0,0,0,0,0,0,0,0,0,True
ambient intelligence,-0.22648369274639102,-0.9659847177717525,0.42986447967195085,0.19999999999999996,-1.0,0.9999998860010644,-0.19444444444444453,0,0,0,1,0,0,0,0,0,0,0,0,0,0,0,0,True
scientific computing,-0.8816360188010225,-0.9802809958097116,0.7926188928339251,0.5,-1.0,0.9999998860010644,0.08333333333333326,0,1,0,0,1,0,0,0,0,0,0,0,0,0,0,0,True
approximation algorithm,-0.7787599754450583,-0.9911264481143702,0.18977846677001553,1.0,-1.0,0.9999998860010644,-0.7222222222222222,0,0,0,0,0,0,0,0,0,0,0,0,0,0,0,0,True
optimization algorithm,-0.8849117804312957,-0.9699285186098102,0.5707856178426765,0.7,-1.0,0.9999998860010644,0.0277777777777779,0,0,0,0,0,0,0,0,0,0,0,0,0,0,0,0,True
signal analysis,-0.9585282708357823,-0.9935913236381563,0.8496274441166176,0.5,-1.0,0.9999998860010644,0.16666666666666674,0,1,1,0,0,0,0,0,0,0,0,1,0,0,0,0,True
image classification,-0.9889278630103213,-0.9142223317722455,0.7966695004250637,0.5,-1.0,0.9999998836349748,0.2777777777777777,0,1,1,0,0,0,1,1,0,0,0,0,0,0,0,0,True
feature vectors,-0.8798258831408002,-0.9980280995809712,0.36875531329699474,0.8999999999999999,-1.0,0.9999998838315147,-0.5555555555555556,0,1,1,0,0,0,0,0,0,0,0,0,0,0,0,0,True
text processing,-0.9385704419889502,-0.9995070248952428,0.9083362504375656,0.3999999999999999,-1.0,0.9999998860010644,0.7222222222222223,0,1,1,0,0,0,0,0,0,0,1,1,0,0,0,0,True
computational methods,-0.9809933646131208,-0.9797880207049544,0.5310296544481672,0.8,-1.0,0.9999998860010644,-0.7222222222222222,0,0,0,0,0,0,0,0,0,0,0,0,0,0,0,0,True
dictionary attack,-0.8191863385233551,-0.9990140497904856,0.7877181577236585,0.3999999999999999,-1.0,0.989411307121663,-0.19444444444444453,0,1,0,0,0,0,0,0,0,0,0,1,0,0,0,0,True
sensor networks,-0.33406998158379375,-0.7880207049543998,0.6897034555183279,-0.19999999999999996,-1.0,0.9999998860010644,-0.3055555555555556,1,0,0,0,0,0,0,0,0,0,0,0,0,0,0,0,True
computational analysis,-0.9910491684944057,-0.9871826472763126,0.5452817922688404,0.8,-1.0,0.9999998860010644,-0.7222222222222222,0,0,0,0,0,0,0,0,0,0,0,0,0,0,0,0,True
runtime systems,-0.9647212456052235,-0.9995070248952428,0.5304295644346653,0.8,-1.0,0.9999998860010644,-0.9166666666666666,0,0,0,0,0,0,0,0,0,0,0,0,0,0,0,0,True
approximation algorithms,-0.7787599754450583,-0.9561252156766084,0.09591438715807366,1.0,-1.0,0.9999998860010644,-0.7222222222222222,0,0,0,0,0,0,0,0,0,0,0,0,0,0,0,0,True
tree structures,-0.9392151278692259,-0.9970421493714567,0.7802170325548834,0.5,-1.0,0.9999998860010644,-0.27083333333333337,0,1,0,0,0,0,0,0,0,0,0,0,0,0,0,0,True
image analysis,-0.9605146078244595,-0.9487305891052502,0.9499924988748312,0.30000000000000004,-1.0,0.9999998860010644,-0.19444444444444453,0,1,0,0,0,0,0,0,0,0,0,1,0,0,0,0,True
hash functions,-0.5463083877448519,-0.9960561991619423,0.4644196629494426,0.3999999999999999,-1.0,0.9999998860010644,-0.33333333333333337,0,1,0,0,1,0,0,0,0,0,0,0,0,0,0,0,True
malicious code,-0.8957836580401279,-0.9955632240571851,0.3046957043556533,0.8999999999999999,-1.0,0.9999998860010644,-0.7222222222222222,0,0,0,0,0,0,0,0,0,0,0,0,0,0,0,0,True
network architecture,-0.9832060012453177,-0.9901404979048558,0.8861329199379906,0.3999999999999999,-1.0,0.9999998822602347,-0.7222222222222222,0,0,0,0,0,0,0,0,0,0,0,0,0,0,0,0,True
computational systems,-0.9508259529692662,-0.997535124476214,0.5609341401210182,0.7,-1.0,0.9999998860010644,-0.7222222222222222,0,0,0,0,0,0,0,0,0,0,0,0,0,0,0,0,True
evolutionary algorithms,-0.7702082447938802,-0.8876016761153562,0.1702755413311996,0.8,-1.0,0.9999998986242447,0.2777777777777777,0,1,1,0,0,0,1,1,0,0,0,0,0,0,0,0,True
computational complexity,-0.7094866598184292,-0.9753512447621395,0.27769165374806226,0.7,-1.0,0.9999999384664502,-0.7222222222222222,0,0,0,0,0,0,0,0,0,0,0,0,0,0,0,0,True
computational models,-0.970937560731836,-0.9709144688193246,0.530329549432415,0.7,-1.0,0.9999998860010644,-0.7222222222222222,0,0,0,0,1,0,0,0,0,0,0,0,0,0,0,0,True
object recognition,-0.8336818471968479,-0.9526743899433079,0.7712656898534782,0.30000000000000004,-1.0,0.9999998834072932,-0.19444444444444453,0,1,0,0,0,0,0,0,0,0,0,1,0,0,0,0,True
computational efficiency,-0.9307143452066965,-0.9960561991619423,0.4110116517477622,0.8,-1.0,0.9999998924889519,-0.7222222222222222,0,0,0,0,1,0,1,0,0,0,0,0,0,0,0,0,True
autonomous agents,-0.7787599754450583,-0.97880207049544,0.3240486072910935,0.7,-1.0,0.9999998669789234,-0.41666666666666663,0,0,0,0,1,0,0,0,0,0,0,0,0,0,0,0,True
data storage,-0.9898346690268913,-0.9965491742666995,0.9438415762364356,0.30000000000000004,-1.0,0.9999998860010644,-0.7222222222222222,0,0,0,0,0,0,0,0,0,0,0,0,0,0,0,0,True
social networks,-0.9226302675766439,-0.7441459206310082,0.9055858378756814,0.0,-1.0,0.9999998922834159,-0.7222222222222222,0,0,0,0,0,0,0,0,0,0,0,0,0,0,0,0,True
stream processing,-0.9010497237569061,-0.9837318215430121,0.8210731609741462,0.30000000000000004,-1.0,0.9999998860010644,-0.6111111111111112,0,1,0,0,0,0,0,0,0,0,0,0,1,0,0,0,True
genetic algorithms,-0.5281165243596183,-0.7145674143455756,0.4765214782217331,0.0,-1.0,0.9999999066872185,0.4166666666666665,0,1,1,0,0,0,0,0,0,0,0,0,0,0,0,0,True
image segmentation,-0.9158652068181055,-0.8501355681538082,0.18437765664849715,0.8,-1.0,0.6297574106068515,0.19444444444444442,0,1,0,0,0,1,1,1,0,0,0,0,0,0,0,0,True
spam filtering,-0.7509668508287293,-0.9935913236381563,0.5592338850827623,0.3999999999999999,-1.0,0.9999998860010644,-0.5833333333333334,0,0,0,0,1,0,0,0,0,0,0,1,0,0,0,0,True
digital signature,-0.9264368763915231,-0.9980280995809712,0.8377256588488273,0.30000000000000004,-1.0,0.9999998860010644,-0.7222222222222222,0,0,0,0,0,0,0,0,0,0,0,0,0,0,0,0,True
network traffic,-0.9187697051759752,-0.9822528962287405,0.9128369255388309,0.19999999999999996,-1.0,0.9999998860010644,-0.7222222222222222,0,0,0,0,0,0,0,0,0,0,1,0,0,0,0,0,True
information systems,-0.7986585549369047,-0.8723194478678826,0.9819972995949395,-0.09999999999999998,-1.0,0.9999998860010644,-0.7222222222222222,0,0,0,0,0,0,0,0,0,0,0,0,0,0,0,0,True
computer worms,-0.9974599724260081,-0.9995070248952428,0.40741111166675004,0.8,-1.0,0.9999998860010644,-0.7222222222222222,0,0,0,0,0,0,0,0,0,0,0,0,0,0,0,0,True
numerical methods,-0.9283375188347565,-0.9571111658861228,0.5934390158523779,0.5,-1.0,0.9999998860010644,-0.33333333333333337,0,1,0,0,0,0,0,0,0,0,0,0,0,0,0,0,True
gesture recognition,-0.33406998158379375,-0.981266946019226,0.00200030004500662,0.5,-1.0,0.9999998860010644,0.3055555555555556,0,1,1,0,0,0,0,0,0,0,0,1,0,0,0,0,True
social network,-0.9128209294767631,-0.9615479418289377,0.9566935040256039,0.10000000000000009,-1.0,0.9999998860010644,-0.7222222222222222,0,0,0,0,1,0,0,0,0,0,0,0,0,0,0,0,True
fuzzy logic,-0.7250904934273195,-0.8461917673157505,0.3527029054358153,0.3999999999999999,-1.0,0.9999998860010644,-0.33333333333333337,0,1,0,0,0,0,0,0,0,0,0,0,0,0,0,0,True
hash function,-0.6372677046710196,-0.9960561991619423,0.5013251987798171,0.30000000000000004,-1.0,0.9999998860010644,-0.33333333333333337,0,1,0,0,0,0,0,0,0,0,0,0,0,0,0,0,True
parallel architectures,-0.9360871212876718,-0.9876756223810698,0.1595739360904136,0.8999999999999999,-1.0,0.9999998860010644,-0.5555555555555556,0,0,0,0,0,0,1,1,0,0,0,0,0,0,0,0,True
loss functions,-0.9385704419889502,-0.9990140497904856,0.8719307896184427,0.19999999999999996,-1.0,0.9999998860010644,-0.4444444444444444,0,0,0,0,0,1,0,0,1,0,0,0,0,0,0,0,True
temporal logic,-0.8388532178587427,-0.9857037219620409,0.3518027704155624,0.6000000000000001,-1.0,0.9999998939557337,-0.41666666666666663,0,0,0,0,1,0,0,0,0,0,0,0,0,0,0,0,True
decision trees,-0.9324956590370955,-0.9516884397337935,0.8004700705105765,0.19999999999999996,-1.0,0.999999844889655,0.0277777777777779,0,1,1,0,1,0,0,0,0,0,0,0,0,0,0,0,True
motion planning,-0.979929258382297,-0.9763371949716539,0.8681802270340551,0.19999999999999996,-1.0,0.9999998752716552,-0.4722222222222222,0,0,0,0,0,0,1,1,0,0,0,0,0,0,0,0,True
wireless networks,-0.7235794652578942,-0.6578752772984964,0.8866830024503676,-0.4,-1.0,0.999999881914214,-0.7222222222222222,0,0,0,0,1,0,0,0,0,0,0,0,0,0,0,0,True
nearest neighbors,-0.7152328334648776,-0.9857037219620409,0.39910986647997193,0.3999999999999999,-1.0,0.99999985203083,-0.75,0,0,0,0,0,0,0,0,0,0,0,0,0,0,0,0,True
block cipher,-0.9296369376479874,-0.9960561991619423,0.9169375406310947,0.10000000000000009,-1.0,0.9999999217962117,-0.7222222222222222,0,0,0,0,0,0,1,0,1,0,0,0,0,0,0,0,True
classification problems,-0.921060773480663,-0.9792950456001972,0.7831174676201431,0.19999999999999996,-0.9962662808999638,0.9999998860010644,0.8611111111111112,0,0,1,0,1,0,0,0,0,0,0,0,0,0,0,0,True
nonlinear programming,-0.9688290857244698,-0.9645057924574809,0.31304695704355656,0.7,-0.996938655962999,0.9999998860010644,-0.08333333333333337,0,0,0,0,0,0,1,1,0,0,0,0,0,0,0,0,True
computational modeling,-0.9910491684944057,-0.9842247966477693,0.3535030254538183,0.7,-0.9959530152455952,0.9999998860010644,-0.7222222222222222,0,0,0,0,0,0,0,0,0,0,0,0,0,0,0,0,True
classification accuracy,-0.8089988950276243,-0.9935913236381563,0.6804020603090464,0.19999999999999996,-0.9923440930322587,0.9999998814567748,0.0277777777777779,0,1,1,0,0,0,0,0,0,0,0,0,0,0,0,0,True
markup language,-0.6008839779005526,-0.9980280995809712,0.37035555333299985,0.30000000000000004,-0.9902352803345575,0.9999998860010644,-0.7222222222222222,0,0,0,0,0,0,0,0,0,0,0,0,0,0,0,0,True
genetic programming,-0.9283375188347565,-0.905841754991373,0.7008051207681152,0.19999999999999996,-0.9955939058369286,0.9999998860010644,-0.33333333333333337,0,1,0,0,0,0,1,0,0,0,0,1,0,0,0,0,True
text classification,-0.9802601289134438,-0.9792950456001972,0.7980197029554432,0.19999999999999996,-0.9950616089120259,0.8861587357150633,0.2777777777777777,0,1,0,0,1,0,1,1,0,0,0,0,0,0,0,0,True
memory architectures,-0.9927321482234911,-0.9995070248952428,0.3287993198979846,0.7,-0.9990449217854614,0.9999998860010644,-0.9444444444444444,0,0,0,0,0,0,0,0,0,0,0,0,0,0,0,0,True
virtual memory,-0.9628063126173042,-0.9955632240571851,0.8906335950392559,0.10000000000000009,-0.994671937000494,0.9999998860010644,-0.7222222222222222,0,0,0,0,0,0,0,0,0,0,0,0,0,0,0,0,True
social networking,-0.9912956342758098,-0.9797880207049544,0.882732409861479,0.10000000000000009,-0.9414065882568676,0.9999998860010644,-0.7222222222222222,0,0,0,0,0,0,0,0,0,0,0,0,0,0,0,0,True
data centers,-0.9998527164480463,-0.9723933941335963,0.8803320498074712,0.10000000000000009,-0.9835930297118465,0.9999998860010644,-0.7222222222222222,0,0,0,0,0,0,0,0,0,0,0,0,0,0,0,0,True
digital signatures,-0.9413704955883566,-0.9926053734286419,0.5288793318997851,0.3999999999999999,-0.9962968434028291,0.9999998860010644,-0.7222222222222222,0,0,0,0,1,0,0,0,0,0,0,0,0,0,0,0,True
network capabilities,-0.997525178149616,-1.0,0.7851677751662751,0.19999999999999996,-0.9993887499426953,0.9999998860010644,-0.8333333333333334,0,0,0,0,0,0,0,0,0,0,0,0,0,0,0,0,True
location-based service,-0.9177255985267035,-0.9990140497904856,0.995199279891984,-0.09999999999999998,-0.998772406134913,0.9999998907588488,-0.8055555555555556,0,0,0,0,0,0,0,0,0,0,0,0,0,0,0,0,True
wireless security,-0.9938016695568013,-0.997535124476214,0.9383407511126669,0.0,-0.9962509996485313,0.9999998860010644,-0.7222222222222222,0,0,0,0,0,0,0,0,0,0,0,0,0,0,0,0,True
object tracking,-0.9851599128348485,-0.9595760414099088,0.7900185027754163,0.10000000000000009,-0.9961262027618315,0.9999998860010644,0.08333333333333326,0,1,0,0,0,1,1,0,0,0,0,1,0,0,0,0,True
network structure,-0.9939453839235415,-0.9950702489524279,0.9246386958043709,0.0,-0.9922040148941264,0.9999998860010644,-0.7222222222222222,0,0,0,0,0,0,0,0,0,0,0,0,0,0,0,0,True
network performance,-0.9402484705324228,-0.9926053734286419,0.9567435115267291,-0.09999999999999998,-0.9902811240888554,0.9999998860010644,-0.7222222222222222,0,0,0,0,0,0,0,0,0,0,0,0,0,0,0,0,True
electronic signatures,-0.9795103144004134,-0.9990140497904856,0.4943741561234185,0.3999999999999999,-0.9992257499274141,0.9999998860010644,-0.7222222222222222,0,0,0,0,0,0,0,0,0,0,0,0,0,0,0,0,True
location-based services,-0.9177255985267035,-0.9630268671432093,0.9954993248987349,-0.19999999999999996,-0.995998858999893,0.999999891283762,-0.8055555555555556,0,0,0,0,0,0,0,0,0,0,0,0,0,0,0,0,True
speech processing,-0.9121669736034377,-0.9945772738476707,0.7979196879531929,0.0,-0.995733983975061,0.9999998860010644,-0.05555555555555558,0,1,0,0,1,1,0,0,0,0,0,0,0,0,0,0,True
single sign-on,-0.9861713531788571,-0.997535124476214,0.9711456718507776,-0.09999999999999998,-1.0,0.9999998860010644,-0.7222222222222222,0,0,0,0,0,0,0,0,0,0,0,0,0,0,0,0,True
information technology,-0.9102636312172611,-0.9226029085531181,0.983397509626444,-0.30000000000000004,-1.0,0.9999998860010644,-0.7222222222222222,0,0,0,0,0,0,0,0,0,0,0,0,0,0,0,0,True
network architectures,-0.997525178149616,-0.997535124476214,0.3411011651747764,0.5,-1.0,0.9999998860010644,-0.75,0,0,0,0,0,0,0,0,0,0,0,0,0,0,0,0,True
program verification,-0.9931005524861879,-0.9965491742666995,0.7177076561484224,0.10000000000000009,-1.0,0.9999998860010644,-0.7222222222222222,1,0,0,0,0,0,0,0,0,0,0,0,0,0,0,0,True
quantum cryptography,-0.8149556726198124,-0.9960561991619423,-0.2621893283992599,0.8999999999999999,-1.0,0.9999998860010644,-0.7222222222222222,0,0,0,0,1,0,1,0,0,0,0,0,0,0,0,0,True
communication networks,-0.9737861331623706,-0.9723933941335963,0.8706305945891883,-0.09999999999999998,-1.0,0.9999998860010644,-0.7222222222222222,0,0,0,0,0,0,0,0,0,0,0,0,0,0,0,0,True
cluster analysis,-0.8539649008774781,-0.9630268671432093,0.736560484072611,-0.09999999999999998,-1.0,0.9999998860010644,0.0277777777777779,0,1,1,0,0,0,0,0,0,0,0,0,0,0,0,0,True
buffer overflow,-0.7628781899500132,-0.9990140497904856,0.17007551132669896,0.3999999999999999,-1.0,0.9999998860010644,-0.7222222222222222,0,0,0,0,1,0,0,0,0,0,0,0,0,0,0,0,True
real-time systems,-0.9168479209072404,-0.9605619916194232,0.9843976596489472,-0.30000000000000004,-1.0,0.9999998860010644,-0.7222222222222222,0,0,0,0,0,0,0,0,0,0,0,0,0,0,0,0,True
sparse representation,-0.9321013526385978,-0.9285186098102046,-0.14507176076411465,0.8,-1.0,0.9999998860010644,-0.08333333333333337,0,0,1,0,0,1,0,0,1,0,0,0,0,0,0,0,True
relational databases,-0.7843186003683241,-0.9635198422479665,0.14137120568085204,0.3999999999999999,-1.0,0.9999998860010644,-0.7222222222222222,0,0,0,0,0,0,0,0,0,0,0,0,0,0,0,0,True
computational geometry,-0.9206585413254116,-0.9950702489524279,0.20893133970095512,0.5,-1.0,0.9999998860010644,0.4166666666666665,0,1,0,0,0,0,1,1,0,0,0,0,0,0,0,0,True
classification models,-0.985096132596685,-0.9921123983238846,0.769215382307346,0.0,-0.9975779216479301,0.9999998860010644,0.0277777777777779,0,1,1,0,0,0,0,0,0,0,0,0,0,0,0,0,True
peer-to-peer systems,-0.7152328334648776,-0.9802809958097116,0.9843976596489472,-0.5,-0.9983598123462324,0.9999998860010644,-0.8888888888888888,0,0,0,0,0,0,0,0,0,0,0,0,0,0,0,0,True
object classification,-0.9851599128348485,-0.9930983485333991,0.7579636945541832,0.0,-0.9987010936282276,0.9999998860010644,0.16666666666666674,0,1,0,0,0,1,0,0,1,0,0,0,0,0,0,0,True
information processing,-0.9569820352415963,-0.9847177717525265,0.9233385007751165,-0.30000000000000004,-0.81406282631839,0.9999998578069531,-0.7222222222222222,0,0,0,0,0,0,0,0,0,0,0,0,0,0,0,0,True
data classification,-0.9935914368098244,-0.9901404979048558,0.8089213382007301,-0.19999999999999996,-0.9966253903086303,0.9999998860010644,-0.4722222222222222,0,0,0,0,0,0,0,0,0,0,0,1,1,0,0,0,True
simulation techniques,-0.9781037657966597,-0.9965491742666995,0.6835525328799319,-0.09999999999999998,-0.9976721560317646,0.9999998860010644,-0.7222222222222222,0,0,0,0,0,0,0,0,0,0,0,0,0,0,0,0,True
coding theory,-0.9404654277582455,-0.9965491742666995,0.6316447467120068,-0.09999999999999998,-0.9956091870883613,0.9999998860010644,-0.7222222222222222,0,0,0,0,0,0,0,0,0,0,0,0,0,0,0,0,True
real-time data,-0.9273800523407968,-0.9970421493714567,0.9934990248537281,-0.5,-0.9873598581899867,0.9999998696567773,-0.7222222222222222,0,0,0,0,0,0,0,0,0,0,0,0,0,0,0,0,True
packet forwarding,-0.9321013526385978,-0.9985210746857284,0.28534280142021307,0.19999999999999996,-1.0,0.9999998860010644,-0.7222222222222222,0,0,0,0,0,0,0,0,0,0,0,0,0,0,0,0,True
unlabeled data,1.0,-0.9911264481143702,0.9934990248537281,0.8999999999999999,-0.9978377029222847,0.9999998860010644,-0.7222222222222222,0,0,1,0,0,0,0,0,0,0,0,0,0,0,0,0,False
data-flow analysis,0.4997237569060773,-0.9990140497904856,0.9687453117967695,0.5,-0.9982579373366817,0.9999998860010644,-0.8333333333333334,0,0,0,0,0,0,0,0,0,0,0,0,0,0,0,0,False
floating point,0.4997237569060773,-0.9990140497904856,0.6290943641546234,0.7,-0.9795587793336356,0.9999999028892956,-0.7222222222222222,0,0,0,0,0,0,0,0,0,0,0,0,0,0,0,0,False
semistructured data,1.0,-0.9955632240571851,0.9934990248537281,-0.19999999999999996,-0.9994091249446054,0.9999998860010644,-0.9166666666666666,0,0,0,0,0,0,0,0,0,0,0,0,0,0,0,0,False
case-based reasoning,0.599779005524862,-0.9354202612768056,0.5538330749612443,0.3999999999999999,-0.9967323590686586,0.9999998860010644,-0.23611111111111116,0,1,0,0,0,0,0,0,0,0,0,0,0,0,0,0,False
user-centered design,0.14238358326756106,-0.9886615725905842,0.9877981697254588,0.3999999999999999,-0.9943866869737519,0.9999998860010644,-0.7222222222222222,0,0,0,0,0,0,0,0,0,0,0,0,0,0,0,0,False
interprocedural analysis,-0.4293606945540648,-0.9985210746857284,0.9687453117967695,1.0,-0.9997605937275557,0.9999998860010644,-0.8333333333333334,0,0,0,0,0,0,0,0,0,0,0,0,0,0,0,0,False
biometric systems,-0.38538036549086274,-0.9921123983238846,0.9843976596489472,0.7,-0.9988666405187475,0.9999998635072977,-0.7222222222222222,0,0,0,0,0,0,0,0,0,0,0,0,0,0,0,0,False
receptive fields,1.0,-0.997535124476214,0.9003350502575387,-0.7,-0.9986170467453481,0.9999998860010644,-0.7222222222222222,0,0,0,0,0,0,0,0,0,0,0,0,0,0,0,0,False
discrete-event simulation,-0.0005524861878453136,-0.9950702489524279,0.7841676251437715,0.3999999999999999,-0.997402187256455,0.9999999038602299,-0.5833333333333334,0,0,0,0,0,0,0,0,0,0,0,1,0,0,0,0,False
minimization problem,-0.4293606945540648,-1.0,0.9723958593789068,0.6000000000000001,-0.996849515329642,0.9999998860010644,-0.8055555555555556,0,0,0,0,0,0,0,0,0,0,0,0,0,0,0,0,False
security requirements,-0.8270958443430219,-0.9926053734286419,0.9438915837375605,1.0,-0.9918907492397577,0.9999998860010644,-0.7222222222222222,0,0,0,0,0,0,0,0,0,0,0,0,0,0,0,0,False
side-channel attacks,-0.0005524861878453136,-0.9955632240571851,0.8174726208931338,0.30000000000000004,-0.9988386248911211,0.9999998860010644,-0.9444444444444444,0,0,0,0,0,0,0,0,0,0,0,0,0,0,0,0,False
discrete-event systems,-0.0005524861878453136,-0.9842247966477693,0.9843976596489472,0.10000000000000009,-0.998497343609126,0.9999998860010644,-0.9722222222222222,0,0,0,0,0,0,0,0,0,0,0,0,0,0,0,0,False
inclusive design,0.599779005524862,-0.9955632240571851,0.6903535530329548,-0.19999999999999996,-0.9992766874321894,0.9999998860010644,-0.7222222222222222,0,0,0,0,0,0,0,0,0,0,0,0,0,0,0,0,False
exploiting parallelism,-0.9241393965150871,-0.9970421493714567,1.0,1.0,-0.9996485312170498,0.9999998860010644,-0.7222222222222222,0,0,0,0,0,0,0,0,0,0,0,1,0,0,0,0,False
tacit knowledge,1.0,-0.9921123983238846,0.9551932789918489,-0.9,-0.9975524528955425,0.9999998860010644,-0.7222222222222222,0,0,0,0,0,0,0,0,0,0,0,0,0,0,0,0,False
fine-grain parallelism,-0.7509668508287293,-0.9995070248952428,1.0,0.8,-0.9997580468523168,0.9999998860010644,-1.0,0,0,0,0,0,0,0,0,0,0,0,0,0,0,0,0,False
granular computing,-0.3691770863623147,-0.9768301700764112,0.8890333550032505,0.5,-0.9989990780311636,0.9999998860010644,0.0277777777777779,0,1,1,0,0,0,0,0,0,0,0,0,0,0,0,0,False
knowledge-based systems,-0.6675874769797423,-0.9738723194478679,0.9843976596489472,0.7,-0.9899627646840092,0.9999999093899863,-0.7222222222222222,0,0,0,0,0,0,0,0,0,0,0,0,0,0,0,0,False
elliptic curve,1.0,-0.9916194232191274,0.7143071460719108,-0.7,-0.9963477809076045,0.9999998843688849,-0.7222222222222222,0,0,0,0,0,0,1,0,0,0,0,0,0,0,0,0,False
automata theory,-0.5008287292817679,-0.9955632240571851,0.9175876381457218,0.6000000000000001,-0.9944045151004233,0.9999998860010644,-0.7222222222222222,0,0,0,0,0,0,0,0,0,0,0,0,0,0,0,0,False
network classifiers,-0.997525178149616,-1.0,0.9845476821523229,1.0,-0.9991900936740713,0.9999998860010644,-0.25,0,1,1,0,0,0,0,0,0,0,0,0,0,0,0,0,False
logarithm problem,-0.0005524861878453136,-0.9995070248952428,0.9723958593789068,0.0,-0.9991518905454897,0.9999998860010644,-0.7222222222222222,0,0,0,0,0,0,0,0,0,0,0,0,0,0,0,0,False
requirements engineering,-0.6736514314414868,-0.966970667981267,0.9122868430264541,0.7,-0.9937830775421636,0.999999891450198,-0.3055555555555556,0,0,0,0,1,0,0,0,0,0,0,1,0,0,0,0,False
source software,-0.9091001460595669,-0.9955632240571851,0.9715457318597791,0.8999999999999999,-0.9651485592326774,0.9999998860010644,-0.22222222222222232,0,0,0,0,0,0,0,0,0,0,0,0,0,0,0,0,False
expert systems,-0.6106454655706779,-0.9023909292580725,0.8766815022253338,0.6000000000000001,-0.9703416378445285,0.9999998842173277,-0.38888888888888884,0,0,0,1,0,0,0,0,0,0,0,0,0,0,0,0,False
optimization problem,-0.7041668151844591,-0.9945772738476707,0.7556133420013003,0.8999999999999999,-0.9594511993235499,0.9999998860010644,-0.7222222222222222,0,0,0,0,0,0,0,0,0,0,0,0,0,0,0,0,False
biometric technologies,-0.6932426689332767,-1.0,0.9296394459168875,0.7,-0.9995033593284399,0.9999998800962215,-0.75,0,0,0,0,0,0,0,0,0,0,0,0,0,0,0,0,False
stopping rules,1.0,-0.997535124476214,0.5278791818772814,-0.6,-0.999679093719915,0.9999998860010644,-0.7222222222222222,0,0,0,0,0,0,0,0,0,0,0,0,0,0,0,0,False
object-oriented software,-0.8747193951730154,-0.990633473009613,0.9924488673300995,0.8,-0.9929120462105043,0.9999998930308205,-0.7222222222222222,0,0,0,0,0,0,0,0,0,0,0,0,0,0,0,0,False
secret key,-0.4201390126537159,-0.9980280995809712,0.8416262439365905,0.5,-0.9933144524982299,0.9999999093398131,-0.7222222222222222,0,0,0,0,0,0,0,0,0,0,0,0,0,0,0,0,False
user requirements,-0.9381563060261242,-0.9921123983238846,0.9495924388658299,0.8999999999999999,-0.9893107646228841,0.9999998860010644,-0.7222222222222222,0,0,0,0,0,0,0,0,0,0,0,0,0,0,0,0,False
polygonal meshes,-0.700939226519337,-0.9955632240571851,1.0,0.6000000000000001,-0.9996892812208701,0.9999998860010644,-0.8333333333333334,0,0,0,0,0,0,0,0,0,0,0,0,0,0,0,0,False
security model,-0.9624362772573197,-0.9980280995809712,0.9613442016302445,0.8999999999999999,-0.9968164059515381,0.9999998860010644,-0.7222222222222222,0,0,0,0,0,0,0,0,0,0,0,0,0,0,0,0,False
integer programming,-0.5917880462079357,-0.9610549667241804,0.6532479871980796,0.8,-0.9941702025784565,0.9999998860010644,-0.33333333333333337,0,1,0,0,0,0,0,0,0,0,0,0,0,0,0,0,False
recursively enumerable,-0.7152328334648776,-0.9930983485333991,1.0,0.6000000000000001,-0.999050015535939,0.9999998860010644,-0.7222222222222222,0,0,0,0,0,0,0,0,0,0,0,0,0,0,0,0,False
visual programming,-0.9536854232672619,-0.9980280995809712,0.8352752912936943,1.0,-0.9969513903391929,0.9999998860010644,-0.19444444444444453,0,1,0,0,0,0,0,0,0,0,0,1,0,0,0,0,False
injection attacks,-0.15853445769118935,-0.9950702489524279,0.5279291893784068,0.5,-0.9987342030063315,0.9999998582183716,-0.9166666666666666,0,0,0,0,0,0,0,0,0,0,0,0,0,0,0,0,False
secured connections,-0.5008287292817679,-0.9990140497904856,0.5685352802920438,0.8,-0.9999719843723736,0.9999998860010644,-1.0,0,0,0,0,0,0,0,0,0,0,0,0,0,0,0,0,False
support vector,-0.9195784735011254,-0.9911264481143702,0.7742161324198629,1.0,-0.9276152588389305,0.9999998860010644,-0.33333333333333337,0,0,0,0,1,0,0,0,0,0,0,0,0,0,0,0,False
autonomic computing,-0.33406998158379375,-0.9950702489524279,0.8890333550032505,0.30000000000000004,-0.9981891717052348,0.9999998555512442,-0.5277777777777778,0,0,0,0,0,0,0,0,0,1,0,0,0,0,0,0,False
ad-hoc networks,-0.0005524861878453136,-0.9773231451811684,0.9334400160024006,-0.09999999999999998,-0.9825742796163387,0.9999998860010644,-0.9444444444444444,0,0,0,0,0,0,0,0,0,0,0,0,0,0,0,0,False
simulated annealing,-0.4725112060877724,-0.9226029085531181,0.44581687253087954,0.8,-0.9919060304911903,0.9999998860010644,0.05555555555555558,0,1,1,0,0,0,1,0,1,0,0,0,0,0,0,0,False
mandatory access,-0.33406998158379375,-0.9990140497904856,0.6718507776166425,0.5,-0.999391296817934,0.9999998860010644,-0.7222222222222222,0,0,0,0,0,0,0,0,0,0,0,0,0,0,0,0,False
finite state,-0.5842081031307551,-0.9990140497904856,0.612991948792319,0.8,-0.9865295768621478,0.9999998742232123,-0.33333333333333337,0,1,0,0,0,0,0,0,0,0,0,0,0,0,0,0,False
range images,-0.5180796342160412,-0.988168597485827,0.9354903235485323,0.3999999999999999,-0.9990525624111777,0.9804493714667335,-0.9166666666666666,0,0,0,0,0,0,0,0,0,0,0,0,0,0,0,0,False
instant messaging,0.3329650092081029,-0.9945772738476707,0.5843876581487222,-0.09999999999999998,-0.9938671244250429,0.9999998860010644,-0.5833333333333334,0,0,0,0,0,0,0,0,0,0,0,1,0,0,0,0,False
geographic information,-0.1434885556432518,-0.9871826472763126,0.7456118417762663,0.19999999999999996,-0.9214059770068104,0.9999998860010644,-0.7222222222222222,0,0,0,0,0,0,0,0,0,0,0,0,0,0,0,0,False
mobile games,-0.9810939226519337,-0.9950702489524279,0.9632944941741262,0.8,-0.9953595933149618,0.9999999044906793,-0.7222222222222222,0,0,0,0,0,0,0,0,0,0,0,0,0,0,0,0,False
search space,-0.8813205198039064,-0.9990140497904856,0.9659448917337599,0.7,-0.9809366388378099,0.9999998860010644,0.19444444444444442,0,0,0,0,1,0,1,1,0,0,0,0,0,0,0,0,False
performance analysis,-0.9346476116694868,-0.43406457973872314,0.9409411411711757,0.19999999999999996,-0.9407800569481304,0.9999998974083282,-0.5833333333333334,0,0,0,0,0,0,0,0,0,0,0,1,0,0,0,0,False
ubiquitous computing,0.11779243153329766,-0.969435543505053,-0.08121218182727408,0.7,-0.987201951925183,0.9999998919159419,-0.7222222222222222,0,0,0,0,0,0,0,0,0,0,0,0,0,0,0,0,False
wearable computing,-0.6372677046710196,-0.9911264481143702,0.8890333550032505,0.5,-0.9982961404652632,0.9999998860010644,-0.7222222222222222,0,0,0,0,0,0,0,0,0,0,0,0,0,0,0,0,False
learning algorithm,-0.9065072827724762,-0.9886615725905842,0.7541131169675452,0.8999999999999999,-0.9593747930663868,0.9999998873017562,-0.33333333333333337,0,0,0,0,0,0,0,0,0,0,0,0,0,0,0,0,False
number generator,-0.7904623437045653,-0.997535124476214,0.739810971645747,0.8,-0.9957187027236284,0.999999884690338,-0.7222222222222222,0,0,0,0,0,0,0,0,0,0,0,0,0,0,0,0,False
key infrastructure,-0.988903112788034,-0.9995070248952428,0.8347252087813173,0.8999999999999999,-0.9966865153143608,0.9999998860010644,-0.7222222222222222,0,0,0,0,0,0,0,0,0,0,0,0,0,0,0,0,False
combinatorial problems,-0.8343462246777165,-0.9921123983238846,0.9676951542731409,0.6000000000000001,-0.9974684060126631,0.9999998860010644,-0.7222222222222222,0,0,0,0,0,0,0,0,0,0,0,0,0,0,0,0,False
hardware/software co-design,-0.6675874769797423,-0.9950702489524279,1.0,0.3999999999999999,-0.99902709365879,0.9999998860010644,-0.75,0,0,0,0,0,0,0,0,0,0,0,0,0,0,0,0,False
hardware/software codesign,-0.6675874769797423,-0.997535124476214,1.0,0.3999999999999999,-0.9992181093016977,0.9999998867086766,-0.9444444444444444,0,0,0,0,0,0,0,0,0,0,0,0,0,0,0,0,False
global optimization,-0.93757783039551,-0.884643825486813,0.740411061659249,0.8,-0.9937652494154922,0.9999998860010644,-0.33333333333333337,0,1,0,0,0,0,0,0,0,0,0,0,0,0,0,0,False
user experience,-0.8752076396765578,-0.9753512447621395,0.9625443816572485,0.6000000000000001,-0.7359374283691339,0.9999999017294345,-0.7222222222222222,0,0,0,0,0,0,0,0,0,0,0,0,0,0,0,0,False
software quality,-0.9798166216057365,-0.9861966970667981,0.9728959343901586,0.7,-0.9254682430126477,0.9999998527166427,-0.7222222222222222,0,0,0,0,0,0,0,0,0,0,0,0,0,0,0,0,False
least squares,-0.6898219766728054,-0.9359132363815628,0.4211131669750463,0.8999999999999999,-0.9529694018408814,0.9999998860010644,-0.7222222222222222,0,0,0,0,0,0,0,0,0,0,0,0,0,0,0,0,False
software support,-0.9940088554523726,-0.9990140497904856,0.9850977646646999,0.7,-0.9923440930322587,0.9999998695239054,-0.7222222222222222,0,0,0,0,0,0,0,0,0,0,0,0,0,0,0,0,False
algorithmic aspects,-0.87603591160221,-0.9921123983238846,0.860129019352903,0.7,-0.9987698592596743,0.9999998860010644,-0.36111111111111116,0,0,1,0,0,0,0,0,0,0,0,0,0,0,0,0,False
web access,-0.9952708470917965,-0.9995070248952428,0.9802470370555583,0.7,-0.9968597028305971,0.9999998532692378,-0.7222222222222222,0,0,0,0,0,0,0,0,0,0,0,0,0,0,0,0,False
deductive databases,-0.7509668508287293,-0.9896475228000986,0.8257238585787867,0.6000000000000001,-0.9993887499426953,0.9999998860010644,-0.7777777777777778,0,0,0,0,0,0,0,0,0,0,0,0,0,0,0,0,False
vector machines,-0.921060773480663,-0.9743652945526251,0.6745011751762764,0.8999999999999999,-0.9731253724805037,0.9999998860010644,-0.3055555555555556,0,1,0,0,1,0,0,0,0,1,0,0,0,0,0,0,False
agent-based systems,-0.9177255985267035,-0.9945772738476707,0.9843976596489472,0.6000000000000001,-0.997623765402228,0.9999998860010644,-0.5833333333333334,0,0,0,0,0,0,0,0,0,0,0,0,0,0,0,0,False
recognition techniques,-0.9668980497709779,-0.9990140497904856,0.7281092163824572,0.8999999999999999,-0.998077109194729,0.9999999028799531,-0.8333333333333334,0,0,0,0,0,0,0,0,0,0,0,0,0,0,0,0,False
handheld devices,-0.1898461997909512,-0.9901404979048558,0.6384457668650299,0.19999999999999996,-0.99675018719533,0.9999998860010644,-0.7222222222222222,0,0,0,0,0,0,0,0,0,0,0,0,0,0,0,0,False
algorithmic techniques,-0.7509668508287293,-0.9995070248952428,0.8993849077361604,0.5,-0.9990678436626104,0.9999998860010644,-0.8888888888888888,0,0,0,0,0,0,0,0,0,0,0,0,0,0,0,0,False
physical security,-0.9772822941331228,-0.9955632240571851,0.9216882532379858,0.7,-0.9899525771830541,0.9999998860010644,-0.7222222222222222,0,0,0,0,0,0,0,0,0,0,0,0,0,0,0,0,False
medical image,-0.8232289748311847,-0.9921123983238846,0.956243436515477,0.5,-0.9889542020894564,0.9999998860010644,-0.7222222222222222,0,0,0,0,0,0,0,0,0,0,0,0,0,0,0,0,False
wavelet denoising,-0.9682999728285482,-0.9965491742666995,1.0,0.6000000000000001,-0.9996994687218252,0.9999998860010644,-0.11111111111111105,0,1,0,0,1,0,0,0,1,0,0,0,0,0,0,0,False
user behavior,-0.9480955691339504,-0.9871826472763126,0.8669300395059261,0.7,-0.9948425776414916,0.9999998860010644,-0.7222222222222222,0,0,0,0,0,0,0,0,0,0,0,1,0,0,0,0,False
game interface,-0.9892990433351261,-1.0,0.9158373756063409,0.7,-0.9995186405798726,0.9999998860010644,-0.7222222222222222,0,1,0,0,0,0,0,0,0,0,0,0,0,0,0,0,False
end user,-0.7509668508287293,-0.9995070248952428,0.9749962494374158,0.3999999999999999,-0.9292197902393553,0.9999998852439711,-0.7222222222222222,0,0,0,0,0,0,0,0,0,0,0,0,0,0,0,0,False
privacy protection,-0.6500339245904818,-0.9733793443431107,0.9456418462769416,0.30000000000000004,-0.9957187027236284,0.9999998847519296,-0.7222222222222222,0,0,0,0,1,0,0,0,0,0,0,0,0,0,0,0,False
intelligent agents,-0.8909524050889553,-0.9704214937145674,0.6785017752662899,0.8,-0.9949699214034301,0.9999998786612734,-0.41666666666666663,0,0,0,0,1,0,0,0,0,0,0,0,0,0,0,0,False
admission control,-0.0005524861878453136,-0.9526743899433079,0.7698154723208481,-0.19999999999999996,-0.9975626403964976,0.9999998860010644,-0.7222222222222222,0,0,0,0,0,0,0,0,0,0,0,0,0,0,0,0,False
secure data,-0.9235427641440747,-0.990633473009613,0.9285392808921338,0.6000000000000001,-0.9961414840132641,0.999999884622518,-0.7222222222222222,0,0,0,0,0,0,0,0,0,0,0,0,0,0,0,0,False
pattern recognition,-0.4250292985099615,-0.8752772984964259,0.7109066359953993,0.19999999999999996,-0.8551566582959367,0.9999998888816866,-0.22222222222222232,0,1,1,0,0,0,0,0,0,0,0,1,0,0,0,0,False
key exchange,-0.9217928850559224,-0.9891545476953414,0.9191378706806022,0.6000000000000001,-0.9971398591068618,0.9999998860010644,-0.4722222222222222,0,0,0,0,0,0,1,1,0,0,0,0,0,0,0,0,False
suffix trees,-0.33406998158379375,-0.9990140497904856,0.025803870580586974,0.8999999999999999,-0.9994651561998584,0.9999998966626535,-0.38888888888888884,0,1,0,0,1,0,0,0,0,0,0,0,0,0,0,0,False
assistive technology,-0.0005524861878453136,-0.9955632240571851,0.9857978696804521,-0.4,-0.9934367025096908,0.9999998884322057,-0.7222222222222222,0,0,0,0,0,0,0,0,0,0,0,0,0,0,0,0,False
static code,-0.9633482747836964,-1.0,0.8511776766514978,0.7,-0.9982808592138306,0.9999998860010644,-0.33333333333333337,0,1,0,0,0,0,0,0,0,0,0,0,0,0,0,0,False
conversational agents,-0.45534907081868414,-0.9916194232191274,0.9168375256288446,0.10000000000000009,-0.9990372811597451,0.9999998941363566,-0.38888888888888884,0,0,0,1,0,0,0,0,0,0,0,0,0,0,0,0,False
register allocation,-0.6372677046710196,-0.9985210746857284,0.7024053608041207,0.5,-0.9991544374207285,0.9999998860010644,-0.7222222222222222,0,0,0,0,0,0,1,0,0,0,0,0,0,0,0,0,False
web document,-0.9894367218079023,-1.0,0.9559933990098515,0.6000000000000001,-0.9989634217778208,0.9999998860010644,-0.5833333333333334,0,0,0,0,0,0,0,0,0,0,0,0,0,0,0,0,False
microarray data,-0.25069060773480656,-0.9768301700764112,0.9934990248537281,-0.19999999999999996,-0.9972188122392637,0.9999998860010644,-0.7222222222222222,0,0,0,0,0,0,0,0,0,0,0,0,0,0,0,0,False
security protocols,-0.9398795384382701,-0.9802809958097116,0.6836525478821822,0.8,-0.9956397495912265,0.9999998860010644,-0.7222222222222222,0,0,0,0,0,0,0,0,0,0,0,0,0,0,0,0,False
dynamic program,-0.9919465972160765,-0.9990140497904856,0.8538280742111317,0.7,-0.9987673123844355,0.9999998860010644,-0.33333333333333337,0,0,0,0,0,0,0,0,0,0,0,0,0,0,0,0,False
reachability analysis,-0.7152328334648776,-0.9935913236381563,0.9687453117967695,0.30000000000000004,-0.9989328592749556,0.9999998860010644,-0.7222222222222222,0,0,0,0,0,0,0,0,0,0,0,0,0,0,0,0,False
security controls,-0.9946601898559622,-0.9990140497904856,0.8518777816672503,0.7,-0.9955480620826308,0.9999998860010644,-0.6111111111111112,0,0,0,0,1,0,0,0,0,0,0,0,1,0,0,0,False
complexity theory,-0.9659978675971698,-0.9950702489524279,0.6187428114217133,0.8999999999999999,-0.9937805306669247,0.9999998885768422,-0.3055555555555556,1,0,0,0,0,0,0,0,0,0,0,0,0,0,0,0,False
web usage,-0.9894367218079023,-1.0,0.8448767315097265,0.7,-0.9982197342081001,0.9999998860010644,-0.7222222222222222,0,0,0,0,0,0,0,0,0,0,0,0,0,0,0,0,False
cryptographic schemes,-0.9545676474367211,-1.0,0.7047057058558783,0.8,-0.9993734686912626,0.9999998860010644,-0.9305555555555556,0,0,0,0,0,0,0,0,0,0,0,0,0,0,0,0,False
software developers,-0.9869127385290545,-0.9980280995809712,0.8333750062509377,0.7,-0.9735939975244373,0.9999998879128287,-0.4444444444444444,0,0,0,0,0,0,0,0,0,0,0,1,0,0,0,0,False
context-aware security,-0.8410165745856354,-1.0,0.9850977646646999,0.3999999999999999,-1.0,0.9999998860010644,-0.7777777777777778,0,0,0,0,0,0,0,0,0,0,0,0,1,0,0,0,False
user interactions,-0.9878526215652556,-0.9980280995809712,0.7210081512226834,0.8,-1.0,0.9999998860010644,-0.8333333333333334,0,0,0,0,0,0,0,0,0,0,0,0,0,0,0,0,False
computer games,-0.8625949742877558,-0.97880207049544,0.9743961594239137,0.3999999999999999,-1.0,0.9999998964865289,-0.7222222222222222,0,0,0,0,0,0,0,0,0,0,0,0,0,0,0,0,False
decentralized systems,-0.8676979742173112,-0.9980280995809712,0.9843976596489472,0.3999999999999999,-1.0,0.9999998795533149,-0.5277777777777778,0,0,0,0,1,0,0,0,0,1,0,0,0,0,0,0,False
mesh processing,-0.9470210542033747,-1.0,0.7637145571835775,0.7,-1.0,0.9999998860010644,0.2777777777777777,0,1,0,0,0,0,1,1,1,0,0,1,0,0,0,0,False
user data,-0.9779133584574293,-0.9985210746857284,0.9842976446466971,0.5,-1.0,0.9999998441858491,-0.7222222222222222,0,0,0,0,0,0,0,0,1,0,0,0,0,0,0,0,False
multimedia applications,-0.7688338595106551,-0.9753512447621395,0.849177376606491,0.3999999999999999,-1.0,0.7525947525952661,-0.7222222222222222,0,0,0,0,0,0,0,0,0,0,0,0,0,0,0,0,False
automatic parallelization,-0.9589764466414655,-0.9970421493714567,0.8607791168675301,0.6000000000000001,-1.0,0.9999998860010644,0.0277777777777779,0,1,1,0,0,0,0,0,0,0,0,0,0,0,0,0,False
practical algorithms,-0.9642748195098804,-0.9955632240571851,0.5569835475321296,0.8999999999999999,-1.0,0.9999998860010644,-0.7222222222222222,0,0,0,0,0,0,0,0,0,0,0,0,0,0,0,0,False
information privacy,-0.9985095054854498,-0.9965491742666995,0.9888983347502127,0.5,-1.0,0.9999998860010644,-0.7222222222222222,0,0,0,0,0,0,0,0,0,0,0,0,0,0,0,0,False
network computing,-0.9832060012453177,-0.997535124476214,0.8735810371555734,0.6000000000000001,-1.0,0.9999998860010644,-0.7222222222222222,0,0,0,0,0,0,0,0,0,0,0,0,0,0,0,0,False
wide web,-0.9602660953884317,-0.9985210746857284,0.9505925888883333,0.5,-1.0,0.9999998860010644,-0.7222222222222222,0,0,0,0,0,0,0,0,0,0,0,0,0,0,0,0,False
context-aware applications,-0.6809281767955802,-0.9911264481143702,0.9597439615942391,0.19999999999999996,-1.0,0.9999998860010644,-0.8888888888888888,0,0,0,0,0,0,0,0,0,0,0,0,0,0,0,0,False
images using,-0.8665769070058963,-1.0,0.953793068960344,0.3999999999999999,-1.0,0.9999998540159505,-0.7222222222222222,0,0,0,0,0,0,0,0,0,0,0,0,0,0,0,0,False
computer interaction,-0.9136249735833106,-0.9995070248952428,0.797069560434065,0.6000000000000001,-1.0,0.9999998860010644,-0.9166666666666666,0,0,0,0,0,0,0,0,0,0,0,0,0,0,0,0,False
image data,-0.9077471339078592,-0.9832388464382549,0.9747462119317898,0.3999999999999999,-1.0,0.9999998844699227,-0.5833333333333334,0,0,0,0,0,0,0,0,0,0,0,0,0,0,0,0,False
user profiles,-0.9911657092678643,-0.9945772738476707,0.858078711806771,0.6000000000000001,-1.0,0.9999999193332365,-0.7222222222222222,0,0,0,0,0,0,0,0,0,0,0,0,0,0,0,0,False
maturity model,-0.20066298342541433,-0.9960561991619423,0.4609191378706805,0.19999999999999996,-1.0,0.9999998851571199,-0.6111111111111112,0,0,0,0,0,0,0,0,0,0,0,0,1,0,0,0,False
optimization methods,-0.9881946177152022,-0.9926053734286419,0.7377106565984899,0.7,-1.0,0.9999998868228634,0.5555555555555554,0,1,1,0,0,1,0,0,0,0,0,1,0,0,0,0,False
mobile computers,-0.9925288082083662,-0.9965491742666995,0.9393909086362955,0.5,-1.0,0.9999998860010644,-0.7569444444444444,0,0,0,0,0,0,0,0,0,0,0,0,0,0,0,0,False
component analysis,-0.737801686536784,-0.9807739709144688,0.8667800170025504,0.30000000000000004,-1.0,0.9999998860010644,-0.7222222222222222,0,0,0,0,0,0,0,0,0,0,0,0,0,0,0,0,False
case study,0.12232238053697775,-0.8353463150110919,0.9603440516077413,-0.8,-1.0,0.9999998914588486,-0.7222222222222222,0,0,0,0,0,0,0,0,0,0,0,0,0,0,0,0,False
write operations,-0.863097732901505,-1.0,0.904285642846427,0.3999999999999999,-1.0,0.9999998860010644,-0.7222222222222222,0,0,0,0,1,0,0,0,0,0,0,0,0,0,0,0,False
vehicular networks,-0.0005524861878453136,-0.8935173773724427,0.9334400160024006,-0.6,-1.0,0.9999998860010644,-0.7222222222222222,0,0,0,0,0,0,0,0,0,0,0,0,0,0,0,0,False
version 2.0,-0.6479688007799804,-0.9990140497904856,0.985447817172576,0.10000000000000009,-1.0,0.9999998877097145,-0.7222222222222222,0,0,0,0,0,0,0,0,0,0,0,0,0,0,0,0,False
local minima,-0.9538347761778396,-0.997535124476214,0.98819822973446,0.3999999999999999,-1.0,0.9999998800353216,-0.38888888888888884,0,1,0,0,0,0,0,0,0,0,0,0,0,0,0,0,False
external memory,-0.8581689029202841,-0.9965491742666995,0.8901835275291294,0.3999999999999999,-1.0,0.9999998860010644,-0.41666666666666663,0,0,0,0,1,0,0,0,0,0,0,0,0,0,0,0,False
mobile computing,-0.9582241515390687,-0.969435543505053,0.8623793569035356,0.5,-1.0,0.9999998845944902,-0.7222222222222222,0,0,0,0,0,0,0,0,0,0,0,0,0,0,0,0,False
agent software,-0.9900491437990293,-1.0,0.9204380657098568,0.5,-1.0,0.9999998860010644,-0.7222222222222222,0,0,0,0,1,0,0,0,0,0,0,0,0,0,0,0,False
congestion control,0.1995580110497237,-0.9684495932955386,0.39695954393158983,-0.19999999999999996,-1.0,0.9999998792823808,-0.7222222222222222,0,0,0,0,0,0,1,0,0,0,0,0,0,0,0,0,False
networks using,-0.8957836580401279,-1.0,0.92153823073461,0.3999999999999999,-1.0,0.9999998603557416,-0.41666666666666674,0,1,0,0,0,0,0,0,0,0,0,0,0,0,0,0,False
cross site,-0.9177255985267035,-1.0,0.9433415012251838,0.3999999999999999,-1.0,0.9999998860010644,-0.7222222222222222,0,0,0,0,1,0,0,0,0,0,0,0,0,0,0,0,False
key agreement,-0.9278938148497508,-0.9891545476953414,0.9362404360654097,0.3999999999999999,-1.0,0.9999998409903481,-0.7222222222222222,0,0,0,0,0,0,0,0,0,0,0,0,0,0,0,0,False
scheduling problems,-0.9354949732814056,-0.9792950456001972,0.6325448817322599,0.7,-1.0,0.9999998860010644,-0.7222222222222222,0,0,0,0,0,0,0,0,0,0,0,0,0,0,0,0,False
computational time,-0.9608817568505511,-0.9990140497904856,0.5740861129169375,0.8,-1.0,0.9999998849557359,-0.23611111111111116,0,1,0,0,0,0,0,0,0,0,0,0,0,0,0,0,False
number generators,-0.7904623437045653,-0.9995070248952428,0.5027254088113218,0.7,-1.0,0.9999998860010644,-0.9722222222222222,0,1,0,0,0,0,0,0,0,0,0,0,0,0,0,0,False
equality constraints,-0.5564149785144261,-0.9930983485333991,0.36145421813272005,0.6000000000000001,-1.0,0.9999998860010644,-0.8611111111111112,0,0,0,0,0,0,0,0,0,0,0,0,0,0,0,0,False
multi-core systems,-0.7787599754450583,-0.9940842987429135,0.9843976596489472,0.19999999999999996,-1.0,0.9999999062955234,-0.9444444444444444,0,0,0,0,0,0,0,0,0,0,0,0,0,0,0,0,False
formal methods,-0.9085683262542714,-0.9684495932955386,0.7841176176426463,0.5,-1.0,0.9999998884796106,-0.16666666666666674,1,0,0,0,0,0,0,0,0,0,0,1,0,0,0,0,False
background subtraction,-0.9283375188347565,-0.9861966970667981,0.920888133219983,0.3999999999999999,-1.0,0.9999998860010644,0.33333333333333326,0,1,0,0,0,1,1,0,0,0,0,0,0,0,0,0,False
game world,-0.9892990433351261,-1.0,0.9788968345251787,0.3999999999999999,-1.0,0.9999998790107547,-0.7222222222222222,0,0,0,0,0,0,0,0,0,0,0,0,0,0,0,0,False
translation system,-0.8833929151771206,-0.9995070248952428,0.8624793719057857,0.3999999999999999,-1.0,0.9999998860010644,-0.5833333333333334,0,0,0,0,0,0,0,0,0,0,0,1,0,0,0,0,False
peer-to-peer computing,-0.7152328334648776,-0.9990140497904856,0.8890333550032505,0.19999999999999996,-1.0,0.9999998860010644,-0.9166666666666666,0,0,0,0,0,0,0,0,0,0,0,0,0,0,0,0,False
input data,-0.7535455943498319,-0.9965491742666995,0.9216382457368606,0.19999999999999996,-1.0,0.9999998860010644,-0.33333333333333337,0,1,0,0,0,0,0,0,0,0,0,0,0,0,0,0,False
information theory,-0.9829367041440047,-0.9659847177717525,0.9151872780917139,0.3999999999999999,-1.0,0.9999998860010644,-0.4722222222222222,0,0,0,0,0,0,1,1,0,0,0,0,0,0,0,0,False
attribute values,-0.9640474728872519,-0.9960561991619423,0.7233084962744412,0.6000000000000001,-1.0,0.9999998860010644,-0.2901234567901235,0,1,0,0,0,0,0,0,0,0,0,0,0,0,0,0,False
optimization models,-0.9881946177152022,-0.9901404979048558,0.7370105515827374,0.6000000000000001,-1.0,0.9999998860010644,-0.33333333333333337,0,1,0,0,0,0,0,0,0,0,0,0,0,0,0,0,False
knowledge bases,-0.9703187420314492,-0.9871826472763126,0.6110916637495625,0.7,-1.0,0.9999998860010644,-0.4444444444444444,0,0,0,0,0,0,0,0,0,0,0,0,0,0,0,0,False
runtime performance,-0.9647212456052235,-1.0,0.518227734160124,0.8,-1.0,0.9999998860010644,-0.33333333333333337,0,1,0,0,1,0,0,0,0,0,0,0,0,0,0,0,False
service attacks,-0.972312095075321,-0.9896475228000986,0.8126719007851178,0.5,-1.0,0.9999998860010644,-0.5833333333333334,0,0,0,0,0,0,0,0,0,0,0,0,0,0,0,0,False
step size,-0.8899324739103744,-0.9985210746857284,0.9367405110766616,0.30000000000000004,-1.0,0.9999998860010644,-0.11111111111111105,0,1,1,0,0,0,0,0,1,0,0,0,0,0,0,0,False
transaction processing,-0.8135013812154697,-0.9935913236381563,0.7536630494574184,0.3999999999999999,-1.0,0.9999998860010644,-0.5833333333333334,0,0,0,0,0,0,0,0,0,0,0,1,0,0,0,0,False
kernel methods,-0.9470210542033747,-0.9871826472763126,0.7792668900335051,0.5,-1.0,0.9999998860010644,-0.08333333333333337,0,0,1,0,0,1,0,0,0,0,0,0,0,0,0,0,False
software fault,-0.998739600067918,-1.0,0.7402110316547483,0.6000000000000001,-1.0,0.9999998860010644,-0.7222222222222222,0,0,0,0,1,0,0,0,0,0,0,0,0,0,0,0,False
association rules,0.07265867133809478,-0.9546462903623367,0.9228384257638644,-0.7,-1.0,0.9999998860010644,0.0277777777777779,0,1,1,0,0,0,0,0,0,0,0,0,0,0,0,0,False
particle swarm,-0.5246514075243358,-0.9871826472763126,0.645346802020303,0.19999999999999996,-1.0,0.9999998860010644,-0.11111111111111105,0,1,0,0,0,0,1,0,0,0,0,0,0,0,0,0,False
software metrics,-0.9940088554523726,-0.990633473009613,0.4028604290643598,0.8999999999999999,-1.0,0.9999998860010644,-0.4444444444444444,0,0,0,0,0,0,0,0,0,0,0,1,0,0,0,0,False
private information,-0.5722967640094713,-0.9876756223810698,0.977796669500425,-0.09999999999999998,-1.0,0.9999998860010644,-0.7222222222222222,0,0,0,0,0,0,0,0,0,0,0,0,0,0,0,0,False
chosen plaintext,-0.9101456554495229,-0.9985210746857284,0.8240736110416562,0.3999999999999999,-1.0,0.9999998860010644,-0.7222222222222222,0,0,0,0,0,0,0,0,0,0,0,0,0,0,0,0,False
network model,-0.9581474416627956,-0.9886615725905842,0.9607941191178675,0.30000000000000004,-1.0,0.9999998860010644,-0.5833333333333334,0,0,0,0,0,0,0,0,0,0,0,0,0,0,0,0,False
object-oriented analysis,-0.9589764466414655,-0.9960561991619423,0.9687453117967695,0.30000000000000004,-1.0,0.9999998860010644,-0.7222222222222222,0,0,0,0,0,0,0,0,0,0,0,0,0,0,0,0,False
model checking,-0.9593185576393073,-0.9423219127434065,0.8145721858278743,0.3999999999999999,-1.0,0.9999998860010644,-0.7222222222222222,0,0,0,0,1,0,1,0,0,0,0,0,0,0,0,0,False
transitive closure,-0.33406998158379375,-0.9970421493714567,0.6415462319347902,0.0,-1.0,0.9999998702726942,-0.33333333333333337,0,0,0,0,0,0,0,0,0,0,0,0,0,0,0,0,False
active contours,-0.9680288571298115,-0.9753512447621395,0.9523428514277141,0.30000000000000004,-1.0,0.9999998860010644,-0.33333333333333337,0,1,0,0,0,0,1,0,0,0,0,0,0,0,0,0,False
input space,-0.9907899982912798,-0.9985210746857284,0.8960844126618994,0.3999999999999999,-1.0,0.9999998860010644,-0.19444444444444453,0,1,0,0,0,0,0,0,0,0,0,1,0,0,0,0,False
digital images,-0.9936381627772739,-0.9511954646290363,0.9474921238185727,0.30000000000000004,-1.0,0.9999998823872243,-0.7222222222222222,0,0,0,0,0,0,0,0,0,0,0,0,0,0,0,0,False
knowledge base,-0.7163323416914578,-0.9940842987429135,0.9058358753813072,0.10000000000000009,-1.0,0.9999998870097144,-0.5833333333333334,0,0,0,0,0,0,0,0,0,0,0,1,0,0,0,0,False
multimodal biometrics,-0.9101456554495229,-0.9955632240571851,1.0,0.19999999999999996,-1.0,0.9999998860010644,-0.7222222222222222,0,0,0,0,0,0,0,0,0,0,0,0,0,0,0,0,False
signature schemes,-0.5722967640094713,-0.9960561991619423,0.5606340951142672,0.30000000000000004,-1.0,0.9999998860010644,-0.8611111111111112,0,0,0,0,0,0,0,0,0,0,0,0,0,0,0,0,False
privacy enhancing,-0.9659978675971698,-0.9995070248952428,0.5560834125118768,0.7,-1.0,0.9999998860010644,-0.7222222222222222,0,0,0,0,0,0,0,0,0,0,0,0,0,0,0,0,False
robot path,-0.9610828729281768,-1.0,0.6509976496474472,0.6000000000000001,-1.0,0.9999998860010644,-0.11111111111111105,0,0,0,0,0,0,1,1,0,0,0,0,0,0,0,0,False
data access,-0.9910869249545358,-0.9970421493714567,0.9773466019902985,0.30000000000000004,-1.0,0.9999998860010644,-0.7222222222222222,0,0,0,0,0,0,0,0,0,0,0,0,0,0,0,0,False
management support,-0.9939325531198637,-0.9995070248952428,0.9824473671050657,0.30000000000000004,-1.0,0.9999998850557357,-0.7222222222222222,0,0,0,0,0,0,0,0,0,0,0,0,0,0,0,0,False
security breaches,-0.9978825811158264,-0.9990140497904856,0.9850977646646999,0.30000000000000004,-1.0,0.9999998795633493,-0.7222222222222222,0,0,0,0,0,0,0,0,0,0,0,0,0,0,0,0,False
sensitivity analysis,-0.1434885556432518,-0.9171801824007888,0.6458468770315549,-0.30000000000000004,-1.0,0.9999998269765105,-0.7222222222222222,0,0,0,0,0,0,0,0,0,0,0,0,0,0,0,0,False
smart cards,-0.8105235464351487,-0.9704214937145674,0.8574286142921439,0.19999999999999996,-1.0,0.9999998860010644,-0.7222222222222222,0,0,0,0,0,0,0,0,0,0,0,0,0,0,0,0,False
parallel scheduling,-0.9938807666992441,-0.9980280995809712,0.46787018052707907,0.8,-1.0,0.9999998860010644,-0.08333333333333337,0,1,0,0,0,0,1,1,0,0,0,0,0,0,0,0,False
missing data,-0.056138735420503405,-0.9605619916194232,0.8812321848277243,-0.6,-1.0,0.9999998860010644,-0.7222222222222222,0,1,0,0,0,0,0,0,0,0,0,0,0,0,0,0,False
ensemble methods,-0.6675874769797423,-0.9921123983238846,0.5111266690003502,0.3999999999999999,-1.0,0.9999998860010644,0.25,0,1,1,0,0,0,1,1,0,0,0,0,0,0,0,0,False
usability engineering,-0.8698849741871207,-0.997535124476214,0.4175626343951593,0.7,-1.0,0.9999998860010644,-0.7222222222222222,0,0,0,0,0,0,0,0,0,0,0,0,0,0,0,0,False
video games,-0.8539649008774781,-0.97880207049544,0.98219732959944,0.10000000000000009,-1.0,0.9999998860010644,-0.7222222222222222,0,0,0,0,0,0,0,0,0,0,0,0,0,0,0,0,False
object management,-0.9851599128348485,-0.9980280995809712,0.9323398509776466,0.30000000000000004,-1.0,0.9999998860010644,-0.7222222222222222,0,0,0,0,0,0,0,0,0,0,0,0,0,0,0,0,False
rapid prototyping,-0.7787599754450583,-0.9827458713334977,0.8095714357153574,0.19999999999999996,-1.0,0.9999998790609275,-0.5833333333333334,0,0,0,0,0,0,0,0,0,0,0,1,0,0,0,0,False
decision support,-0.7724072612470403,-0.9161942321912744,0.9362904435665351,0.0,-1.0,0.999999892906253,-0.5833333333333334,0,0,0,0,0,0,0,0,0,0,0,1,0,0,0,0,False
configuration management,-0.8410165745856354,-0.9940842987429135,0.8822823423513526,0.19999999999999996,-1.0,0.9999998726924169,-0.5833333333333334,0,0,0,0,0,0,0,0,0,0,0,1,0,0,0,0,False
activation functions,-0.7787599754450583,-0.9995070248952428,0.623993599039856,0.3999999999999999,-1.0,0.9999998860010644,-0.4444444444444444,0,0,0,0,0,1,0,0,0,0,0,0,0,0,0,0,False
network function,-0.997525178149616,-1.0,0.9419412911936791,0.30000000000000004,-1.0,0.9999998860010644,-0.5277777777777778,0,0,0,0,0,0,0,0,0,1,0,0,0,0,0,0,False
error detection,-0.9202522462190971,-0.9921123983238846,0.7521628244236636,0.3999999999999999,-1.0,0.9999998480232182,-0.2777777777777778,0,0,0,0,0,0,0,0,1,0,0,0,0,0,0,0,False
terrorist networks,0.1995580110497237,-0.9990140497904856,0.6386457968695305,-0.6,-1.0,0.9999998860010644,-0.8333333333333334,0,0,0,0,0,0,0,0,0,0,0,0,0,0,0,0,False
logic programs,-0.9431019296981343,-0.9334483608577767,0.8129719457918687,0.30000000000000004,-1.0,0.9999998860010644,-0.36111111111111116,0,1,0,0,0,0,0,0,0,0,0,0,0,0,0,0,False
recognition performance,-0.9668980497709779,-0.9995070248952428,0.8009201380207029,0.3999999999999999,-1.0,0.9999998860010644,-0.75,0,0,0,0,0,0,0,0,0,0,0,0,0,0,0,0,False
large networks,-0.992516539017855,-0.9852107468572837,0.9103865579836976,0.30000000000000004,-1.0,0.9999998492806574,-0.7222222222222222,0,0,0,0,0,0,0,0,0,0,0,0,0,0,0,0,False
log n,-0.737801686536784,-0.988168597485827,0.9585437815672351,0.0,-1.0,0.9999998860010644,-0.7222222222222222,0,0,0,0,0,0,0,0,0,0,0,0,0,0,0,0,False
risk management,-0.4360870978225545,-0.97880207049544,0.9460419062859429,-0.30000000000000004,-1.0,0.9999998860010644,-0.6111111111111112,0,0,0,0,0,0,0,0,0,0,0,0,1,0,0,0,False
systems development,-0.9502832587915461,-0.9955632240571851,0.9732959943991599,0.19999999999999996,-1.0,0.9999998860010644,-0.7222222222222222,0,0,0,0,0,0,0,0,0,0,0,0,0,0,0,0,False
network approach,-0.997525178149616,-0.9970421493714567,0.9212881932289843,0.30000000000000004,-1.0,0.9999998860010644,-0.7222222222222222,0,0,0,0,0,0,0,0,0,0,0,0,0,0,0,0,False
artificial data,-0.9716769580760481,-1.0,0.6975546331949793,0.5,-1.0,0.9999998860010644,-0.36111111111111116,0,0,1,0,0,0,0,0,0,0,0,0,0,0,0,0,False
functional specification,-0.9858293618995403,-1.0,0.7092063809571436,0.5,-1.0,0.9999998860010644,-0.7222222222222222,0,0,0,0,0,0,0,0,0,0,0,0,0,0,0,0,False
user inputs,-0.9977918846730819,-1.0,0.6179926989048357,0.6000000000000001,-1.0,0.9999998860010644,-0.05555555555555558,0,1,0,0,0,0,0,0,0,0,0,0,0,0,0,0,False
domain experts,-0.9128209294767631,-0.9970421493714567,0.8297744661699256,0.30000000000000004,-1.0,0.9999998860010644,-0.2777777777777778,0,0,1,0,0,0,0,0,0,0,0,1,0,0,0,0,False
